dataset,step,label,n_episodes,episode,seed,success,progress_pct,stage_reached,stage_index,failure_mode,ever_reached,ever_grasped,ever_lifted,ever_hovered,r_reach_max,r_grasp_max,r_lift_max,r_hover_max,max_staged_reward,init_gripper_to_can,min_gripper_to_can,reach_closure_frac,init_can_to_bin_xy,min_can_to_bin_xy,bin_closure_frac,max_can_height_gain,max_can_displacement,can_fell_off,steps,step_first_reach,step_first_grasp,step_first_lift,step_first_hover,step_first_success,eef_path_length,eef_net_displacement,path_efficiency,action_abs_mean,action_abs_max,action_saturation_frac,action_jerk_mean,gripper_cmd_mean,gripper_closed_frac,gripper_switches,best_shaped_reward
mg,1000,k1_mg_1000,30,0,100000,False,5.36,none,0,never_reached_cube,False,False,False,False,0.1786,0.0,0.0,0.0,0.1786,0.203,0.1161,0.4279,,,,0.0,0.0127,False,150,,,,,,2.4436,0.3914,0.1602,0.6303,0.9822,0.0,0.8205,0.0171,0.48,73,0.0794
mg,1000,k1_mg_1000,30,1,100001,False,4.66,none,0,never_reached_cube,False,False,False,False,0.1555,0.0,0.0,0.0,0.1555,0.1951,0.1237,0.366,,,,0.0,0.0127,False,150,,,,,,2.8816,0.5375,0.1865,0.6192,0.9822,0.0,0.787,0.0323,0.5333,71,0.0691
mg,1000,k1_mg_1000,30,2,100002,False,11.15,reach,1,reached_but_no_grasp,True,False,False,False,0.3717,0.0,0.0,0.0,0.3717,0.198,0.0739,0.6269,,,,0.0,0.0127,False,150,62,,,,,1.9771,0.2813,0.1423,0.6215,0.9822,0.0,0.8138,-0.0193,0.48,70,0.1652
mg,1000,k1_mg_1000,30,3,100003,False,15.44,reach,1,reached_but_no_grasp,True,False,False,False,0.5145,0.0,0.0,0.0,0.5145,0.2195,0.053,0.7584,,,,0.0,0.0127,False,150,116,,,,,2.1529,0.2087,0.0969,0.5913,0.9822,0.0,0.8107,0.0488,0.56,70,0.2287
mg,1000,k1_mg_1000,30,4,100004,False,5.88,none,0,never_reached_cube,False,False,False,False,0.1961,0.0,0.0,0.0,0.1961,0.2024,0.111,0.4518,,,,0.0,0.0274,False,150,,,,,,2.241,0.1603,0.0715,0.6078,0.9822,0.0,0.8168,0.138,0.62,77,0.0871
mg,1000,k1_mg_1000,30,5,100005,False,3.94,none,0,never_reached_cube,False,False,False,False,0.1313,0.0,0.0,0.0,0.1313,0.2096,0.1328,0.3665,,,,0.0,0.0127,False,150,,,,,,2.3202,0.2023,0.0872,0.621,0.9822,0.0,0.8208,0.0331,0.5333,76,0.0584
mg,1000,k1_mg_1000,30,6,100006,False,13.92,reach,1,reached_but_no_grasp,True,False,False,False,0.4642,0.0,0.0,0.0,0.4642,0.194,0.0598,0.6915,,,,0.0,0.0127,False,150,145,,,,,2.4248,0.1923,0.0793,0.6145,0.9822,0.0,0.8073,0.0545,0.5267,76,0.2063
mg,1000,k1_mg_1000,30,7,100007,False,0.71,none,0,never_reached_cube,False,False,False,False,0.0237,0.0,0.0,0.0,0.0237,0.2082,0.2212,0.0,,,,0.0,0.0127,False,150,,,,,,2.0242,0.2579,0.1274,0.6164,0.9822,0.0,0.7891,-0.0539,0.4533,83,0.0105
mg,1000,k1_mg_1000,30,8,100008,False,2.13,none,0,never_reached_cube,False,False,False,False,0.071,0.0,0.0,0.0,0.071,0.217,0.1651,0.2393,,,,0.0,0.0127,False,150,,,,,,2.4115,0.2365,0.0981,0.6268,0.9822,0.0,0.8269,0.0303,0.5067,62,0.0316
mg,1000,k1_mg_1000,30,9,100009,False,1.91,none,0,never_reached_cube,False,False,False,False,0.0638,0.0,0.0,0.0,0.0638,0.2226,0.1706,0.2334,,,,0.0,0.0127,False,150,,,,,,2.5299,0.2003,0.0792,0.63,0.9822,0.0,0.8222,0.078,0.5467,69,0.0284
mg,1000,k1_mg_1000,30,10,100010,False,4.08,none,0,never_reached_cube,False,False,False,False,0.136,0.0,0.0,0.0,0.136,0.1916,0.1309,0.3168,,,,0.0,0.0127,False,150,,,,,,1.7236,0.1648,0.0956,0.5989,0.9822,0.0,0.7952,-0.0185,0.4533,83,0.0604
mg,1000,k1_mg_1000,30,11,100011,False,0.97,none,0,never_reached_cube,False,False,False,False,0.0324,0.0,0.0,0.0,0.0324,0.2243,0.2053,0.0848,,,,0.0,0.0127,False,150,,,,,,2.3437,0.2717,0.1159,0.6121,0.9822,0.0,0.8033,0.0386,0.54,81,0.0144
mg,1000,k1_mg_1000,30,12,100012,False,1.2,none,0,never_reached_cube,False,False,False,False,0.0399,0.0,0.0,0.0,0.0399,0.2013,0.1947,0.0325,,,,0.0,0.0127,False,150,,,,,,2.1336,0.2457,0.1151,0.6148,0.9822,0.0,0.7875,0.0308,0.5133,90,0.0177
mg,1000,k1_mg_1000,30,13,100013,False,22.18,reach,1,reached_but_no_grasp,True,False,False,False,0.7392,0.0,0.0,0.0,0.7392,0.2152,0.0267,0.876,,,,0.0,0.0672,False,150,44,,,,,2.316,0.2503,0.1081,0.6253,0.9822,0.0,0.8165,-0.0241,0.5,75,0.3285
mg,1000,k1_mg_1000,30,14,100014,False,0.96,none,0,never_reached_cube,False,False,False,False,0.032,0.0,0.0,0.0,0.032,0.1895,0.206,0.0,,,,0.0,0.0127,False,150,,,,,,1.8036,0.1969,0.1092,0.6052,0.9822,0.0,0.7688,-0.0547,0.44,76,0.0142
mg,1000,k1_mg_1000,30,15,100015,False,0.63,none,0,never_reached_cube,False,False,False,False,0.021,0.0,0.0,0.0,0.021,0.2123,0.2273,0.0,,,,0.0,0.0127,False,150,,,,,,2.1709,0.3365,0.155,0.6021,0.9822,0.0,0.7716,0.0438,0.5333,65,0.0093
mg,1000,k1_mg_1000,30,16,100016,False,7.21,none,0,never_reached_cube,False,False,False,False,0.2405,0.0,0.0,0.0,0.2405,0.2127,0.0995,0.5323,,,,0.0,0.0127,False,150,,,,,,2.1123,0.2888,0.1367,0.6061,0.9822,0.0,0.7871,-0.0054,0.4867,67,0.1069
mg,1000,k1_mg_1000,30,17,100017,False,0.65,none,0,never_reached_cube,False,False,False,False,0.0217,0.0,0.0,0.0,0.0217,0.2207,0.2257,0.0,,,,0.0,0.0127,False,150,,,,,,2.1109,0.2765,0.131,0.6217,0.9822,0.0,0.8135,0.0711,0.5267,79,0.0096
mg,1000,k1_mg_1000,30,18,100018,False,0.82,none,0,never_reached_cube,False,False,False,False,0.0274,0.0,0.0,0.0,0.0274,0.2151,0.2138,0.0062,,,,0.0,0.0127,False,150,,,,,,2.3808,0.348,0.1462,0.6276,0.9822,0.0,0.8187,-0.0907,0.44,75,0.0122
mg,1000,k1_mg_1000,30,19,100019,False,4.74,none,0,never_reached_cube,False,False,False,False,0.1579,0.0,0.0,0.0,0.1579,0.1893,0.1228,0.3511,,,,0.0,0.054,False,150,,,,,,2.2124,0.2215,0.1001,0.6071,0.9822,0.0,0.8265,-0.0645,0.4133,80,0.0702
mg,1000,k1_mg_1000,30,20,100020,False,0.94,none,0,never_reached_cube,False,False,False,False,0.0314,0.0,0.0,0.0,0.0314,0.2094,0.2069,0.0123,,,,0.0,0.0127,False,150,,,,,,2.4731,0.283,0.1144,0.62,0.9822,0.0,0.7808,-0.0744,0.44,66,0.014
mg,1000,k1_mg_1000,30,21,100021,False,7.26,none,0,never_reached_cube,False,False,False,False,0.2421,0.0,0.0,0.0,0.2421,0.199,0.0991,0.5019,,,,0.0,0.0127,False,150,,,,,,2.0016,0.2017,0.1008,0.6052,0.9822,0.0,0.7991,-0.0286,0.4533,82,0.1076
mg,1000,k1_mg_1000,30,22,100022,False,0.95,none,0,never_reached_cube,False,False,False,False,0.0316,0.0,0.0,0.0,0.0316,0.2159,0.2065,0.0433,,,,0.0,0.0127,False,150,,,,,,2.5116,0.3501,0.1394,0.6115,0.9822,0.0,0.8056,-0.0363,0.4733,70,0.0141
mg,1000,k1_mg_1000,30,23,100023,False,1.47,none,0,never_reached_cube,False,False,False,False,0.049,0.0,0.0,0.0,0.049,0.2055,0.1842,0.1034,,,,0.0,0.0127,False,150,,,,,,2.0856,0.339,0.1625,0.6109,0.9822,0.0,0.7997,0.0709,0.5467,75,0.0218
mg,1000,k1_mg_1000,30,24,100024,False,1.11,none,0,never_reached_cube,False,False,False,False,0.0371,0.0,0.0,0.0,0.0371,0.2258,0.1985,0.121,,,,0.0,0.0127,False,150,,,,,,2.2759,0.2852,0.1253,0.617,0.9822,0.0,0.8305,-0.0679,0.48,70,0.0165
mg,1000,k1_mg_1000,30,25,100025,False,2.09,none,0,never_reached_cube,False,False,False,False,0.0696,0.0,0.0,0.0,0.0696,0.2069,0.1661,0.1971,,,,0.0,0.0127,False,150,,,,,,2.4006,0.1943,0.0809,0.6213,0.9822,0.0,0.7942,0.0172,0.4933,84,0.0309
mg,1000,k1_mg_1000,30,26,100026,False,6.83,none,0,never_reached_cube,False,False,False,False,0.2275,0.0,0.0,0.0,0.2275,0.1984,0.1026,0.4827,,,,0.0,0.0127,False,150,,,,,,1.9864,0.3604,0.1814,0.6263,0.9822,0.0,0.8148,0.0676,0.5533,65,0.1011
mg,1000,k1_mg_1000,30,27,100027,False,0.61,none,0,never_reached_cube,False,False,False,False,0.0205,0.0,0.0,0.0,0.0205,0.2147,0.2286,0.0,,,,0.0,0.0127,False,150,,,,,,2.3533,0.4341,0.1845,0.6245,0.9822,0.0,0.8013,0.0923,0.5267,85,0.0091
mg,1000,k1_mg_1000,30,28,100028,False,1.13,none,0,never_reached_cube,False,False,False,False,0.0378,0.0,0.0,0.0,0.0378,0.2292,0.1975,0.1382,,,,0.0,0.0127,False,150,,,,,,2.575,0.2994,0.1163,0.6135,0.9822,0.0,0.7805,-0.0269,0.4933,75,0.0168
mg,1000,k1_mg_1000,30,29,100029,False,11.19,reach,1,reached_but_no_grasp,True,False,False,False,0.373,0.0,0.0,0.0,0.373,0.2004,0.0736,0.6326,,,,0.0,0.0257,False,150,36,,,,,2.3277,0.4347,0.1868,0.6242,0.9822,0.0,0.8034,0.0754,0.56,67,0.1658
mg,250,k1_mg_250,30,0,100000,False,1.22,none,0,never_reached_cube,False,False,False,False,0.0406,0.0,0.0,0.0,0.0406,0.203,0.1938,0.0451,,,,0.0,0.0127,False,150,,,,,,2.0783,0.1938,0.0932,0.6088,0.9822,0.0,0.8208,-0.029,0.5,73,0.018
mg,250,k1_mg_250,30,1,100001,False,3.47,none,0,never_reached_cube,False,False,False,False,0.1158,0.0,0.0,0.0,0.1158,0.1951,0.1395,0.2851,,,,0.0,0.0127,False,150,,,,,,2.0586,0.1414,0.0687,0.6,0.9822,0.0,0.8033,0.0358,0.5267,71,0.0515
mg,250,k1_mg_250,30,2,100002,False,2.93,none,0,never_reached_cube,False,False,False,False,0.0978,0.0,0.0,0.0,0.0978,0.198,0.1484,0.2503,,,,0.0,0.0127,False,150,,,,,,2.0214,0.2375,0.1175,0.6248,0.9822,0.0,0.823,-0.0002,0.4867,86,0.0434
mg,250,k1_mg_250,30,3,100003,False,0.84,none,0,never_reached_cube,False,False,False,False,0.0278,0.0,0.0,0.0,0.0278,0.2195,0.213,0.0293,,,,0.0,0.0127,False,150,,,,,,2.2168,0.3767,0.1699,0.6136,0.9822,0.0,0.8458,-0.0114,0.5133,85,0.0124
mg,250,k1_mg_250,30,4,100004,False,0.8,none,0,never_reached_cube,False,False,False,False,0.0266,0.0,0.0,0.0,0.0266,0.2024,0.2153,0.0,,,,0.0,0.0127,False,150,,,,,,2.2057,0.1407,0.0638,0.6032,0.9822,0.0,0.7932,0.0204,0.4733,75,0.0118
mg,250,k1_mg_250,30,5,100005,False,0.8,none,0,never_reached_cube,False,False,False,False,0.0266,0.0,0.0,0.0,0.0266,0.2096,0.2153,0.0,,,,0.0,0.0127,False,150,,,,,,1.9997,0.2175,0.1088,0.6272,0.9822,0.0,0.7839,-0.0428,0.4533,64,0.0118
mg,250,k1_mg_250,30,6,100006,False,1.0,none,0,never_reached_cube,False,False,False,False,0.0335,0.0,0.0,0.0,0.0335,0.194,0.2037,0.0,,,,0.0,0.0127,False,150,,,,,,2.6211,0.1136,0.0433,0.6381,0.9822,0.0,0.8021,0.0178,0.5267,75,0.0149
mg,250,k1_mg_250,30,7,100007,False,2.67,none,0,never_reached_cube,False,False,False,False,0.0889,0.0,0.0,0.0,0.0889,0.2082,0.1534,0.2633,,,,0.0,0.0127,False,150,,,,,,2.627,0.4103,0.1562,0.6274,0.9822,0.0,0.8059,0.019,0.4533,63,0.0395
mg,250,k1_mg_250,30,8,100008,False,2.89,none,0,never_reached_cube,False,False,False,False,0.0962,0.0,0.0,0.0,0.0962,0.217,0.1493,0.3123,,,,0.0,0.0127,False,150,,,,,,2.2275,0.3796,0.1704,0.6197,0.9822,0.0,0.8168,-0.0206,0.4733,92,0.0427
mg,250,k1_mg_250,30,9,100009,False,0.53,none,0,never_reached_cube,False,False,False,False,0.0177,0.0,0.0,0.0,0.0177,0.2226,0.2358,0.0,,,,0.0,0.0127,False,150,,,,,,2.5471,0.2393,0.094,0.613,0.9822,0.0,0.8064,0.0425,0.5667,78,0.0079
mg,250,k1_mg_250,30,10,100010,False,1.4,none,0,never_reached_cube,False,False,False,False,0.0468,0.0,0.0,0.0,0.0468,0.1916,0.1865,0.0263,,,,0.0,0.0127,False,150,,,,,,2.0339,0.2257,0.111,0.61,0.9822,0.0,0.8405,0.0183,0.5067,74,0.0208
mg,250,k1_mg_250,30,11,100011,False,0.6,none,0,never_reached_cube,False,False,False,False,0.0199,0.0,0.0,0.0,0.0199,0.2243,0.23,0.0,,,,0.0,0.0127,False,150,,,,,,2.4002,0.1329,0.0554,0.6335,0.9822,0.0,0.807,-0.0639,0.4933,76,0.0089
mg,250,k1_mg_250,30,12,100012,False,0.94,none,0,never_reached_cube,False,False,False,False,0.0314,0.0,0.0,0.0,0.0314,0.2013,0.2069,0.0,,,,0.0,0.0127,False,150,,,,,,2.3289,0.3549,0.1524,0.6049,0.9822,0.0,0.7776,-0.001,0.4667,78,0.014
mg,250,k1_mg_250,30,13,100013,False,2.99,none,0,never_reached_cube,False,False,False,False,0.0998,0.0,0.0,0.0,0.0998,0.2152,0.1473,0.3154,,,,0.0,0.0127,False,150,,,,,,2.2725,0.3304,0.1454,0.6346,0.9822,0.0,0.8434,0.0065,0.54,79,0.0443
mg,250,k1_mg_250,30,14,100014,False,2.17,none,0,never_reached_cube,False,False,False,False,0.0723,0.0,0.0,0.0,0.0723,0.1895,0.1642,0.1338,,,,0.0,0.0127,False,150,,,,,,2.2213,0.1716,0.0772,0.6246,0.9822,0.0,0.8088,0.1314,0.5467,71,0.0321
mg,250,k1_mg_250,30,15,100015,False,0.67,none,0,never_reached_cube,False,False,False,False,0.0222,0.0,0.0,0.0,0.0222,0.2123,0.2244,0.0,,,,0.0,0.0127,False,150,,,,,,2.3022,0.3292,0.143,0.624,0.9822,0.0,0.7768,0.0058,0.5067,78,0.0099
mg,250,k1_mg_250,30,16,100016,False,2.32,none,0,never_reached_cube,False,False,False,False,0.0772,0.0,0.0,0.0,0.0772,0.2127,0.1608,0.2443,,,,0.0,0.0127,False,150,,,,,,2.4606,0.2016,0.0819,0.6102,0.9822,0.0,0.7845,0.0455,0.5333,73,0.0343
mg,250,k1_mg_250,30,17,100017,False,3.03,none,0,never_reached_cube,False,False,False,False,0.1009,0.0,0.0,0.0,0.1009,0.2207,0.1467,0.3351,,,,0.0,0.0127,False,150,,,,,,2.6601,0.3725,0.14,0.6404,0.9822,0.0,0.845,0.0515,0.52,85,0.0449
mg,250,k1_mg_250,30,18,100018,False,0.79,none,0,never_reached_cube,False,False,False,False,0.0262,0.0,0.0,0.0,0.0262,0.2151,0.2161,0.0,,,,0.0,0.0127,False,150,,,,,,2.0145,0.3196,0.1587,0.6354,0.9822,0.0,0.8476,-0.0248,0.4533,73,0.0116
mg,250,k1_mg_250,30,19,100019,False,1.68,none,0,never_reached_cube,False,False,False,False,0.0559,0.0,0.0,0.0,0.0559,0.1893,0.1775,0.0625,,,,0.0,0.0127,False,150,,,,,,2.8201,0.2194,0.0778,0.6234,0.9822,0.0,0.7907,0.0412,0.5267,80,0.0248
mg,250,k1_mg_250,30,20,100020,False,7.15,none,0,never_reached_cube,False,False,False,False,0.2383,0.0,0.0,0.0,0.2383,0.2094,0.1,0.5224,,,,0.0,0.0127,False,150,,,,,,2.2229,0.4251,0.1912,0.6245,0.9822,0.0,0.805,-0.0346,0.4867,74,0.1059
mg,250,k1_mg_250,30,21,100021,False,0.94,none,0,never_reached_cube,False,False,False,False,0.0315,0.0,0.0,0.0,0.0315,0.199,0.2068,0.0,,,,0.0,0.0127,False,150,,,,,,2.2953,0.2803,0.1221,0.6168,0.9822,0.0,0.7919,0.0957,0.5467,83,0.014
mg,250,k1_mg_250,30,22,100022,False,0.77,none,0,never_reached_cube,False,False,False,False,0.0255,0.0,0.0,0.0,0.0255,0.2159,0.2174,0.0,,,,0.0,0.0127,False,150,,,,,,1.9786,0.4201,0.2123,0.6221,0.9822,0.0,0.8029,0.0932,0.56,72,0.0114
mg,250,k1_mg_250,30,23,100023,False,0.72,none,0,never_reached_cube,False,False,False,False,0.0241,0.0,0.0,0.0,0.0241,0.2055,0.2203,0.0,,,,0.0,0.0127,False,150,,,,,,2.1155,0.3246,0.1535,0.601,0.9822,0.0,0.8176,0.0565,0.5733,78,0.0107
mg,250,k1_mg_250,30,24,100024,False,6.33,none,0,never_reached_cube,False,False,False,False,0.2111,0.0,0.0,0.0,0.2111,0.2258,0.1069,0.5267,,,,0.0,0.0127,False,150,,,,,,2.5307,0.1825,0.0721,0.6116,0.9822,0.0,0.7913,0.0757,0.5333,80,0.0938
mg,250,k1_mg_250,30,25,100025,False,2.43,none,0,never_reached_cube,False,False,False,False,0.081,0.0,0.0,0.0,0.081,0.2069,0.1583,0.2352,,,,0.0,0.0127,False,150,,,,,,2.0672,0.1533,0.0741,0.6362,0.9822,0.0,0.8489,-0.02,0.4867,76,0.036
mg,250,k1_mg_250,30,26,100026,False,0.82,none,0,never_reached_cube,False,False,False,False,0.0274,0.0,0.0,0.0,0.0274,0.1984,0.2138,0.0,,,,0.0,0.0127,False,150,,,,,,2.2854,0.1335,0.0584,0.6273,0.9822,0.0,0.7733,0.0422,0.54,73,0.0122
mg,250,k1_mg_250,30,27,100027,False,0.96,none,0,never_reached_cube,False,False,False,False,0.0321,0.0,0.0,0.0,0.0321,0.2147,0.2057,0.0421,,,,0.0,0.0127,False,150,,,,,,1.7987,0.5,0.278,0.6058,0.9822,0.0,0.8028,0.0799,0.5533,71,0.0143
mg,250,k1_mg_250,30,28,100028,False,0.79,none,0,never_reached_cube,False,False,False,False,0.0262,0.0,0.0,0.0,0.0262,0.2292,0.2161,0.0571,,,,0.0,0.0127,False,150,,,,,,2.2795,0.2152,0.0944,0.6236,0.9822,0.0,0.8054,0.0284,0.48,78,0.0116
mg,250,k1_mg_250,30,29,100029,False,0.8,none,0,never_reached_cube,False,False,False,False,0.0265,0.0,0.0,0.0,0.0265,0.2004,0.2154,0.0,,,,0.0,0.0127,False,150,,,,,,2.4194,0.2379,0.0983,0.623,0.9822,0.0,0.8007,-0.0368,0.48,69,0.0118
mg,500,k1_mg_500,30,0,100000,False,2.95,none,0,never_reached_cube,False,False,False,False,0.0985,0.0,0.0,0.0,0.0985,0.203,0.148,0.2707,,,,0.0,0.0127,False,150,,,,,,2.5427,0.4398,0.173,0.6084,0.9822,0.0,0.7951,0.1118,0.5867,69,0.0438
mg,500,k1_mg_500,30,1,100001,False,0.89,none,0,never_reached_cube,False,False,False,False,0.0298,0.0,0.0,0.0,0.0298,0.1951,0.2096,0.0,,,,0.0,0.0127,False,150,,,,,,2.3134,0.3298,0.1426,0.616,0.9822,0.0,0.7833,0.0215,0.5333,69,0.0132
mg,500,k1_mg_500,30,2,100002,False,2.93,none,0,never_reached_cube,False,False,False,False,0.0977,0.0,0.0,0.0,0.0977,0.198,0.1485,0.25,,,,0.0,0.0127,False,150,,,,,,2.344,0.2582,0.1102,0.6141,0.9822,0.0,0.8438,0.0095,0.5,71,0.0434
mg,500,k1_mg_500,30,3,100003,False,1.34,none,0,never_reached_cube,False,False,False,False,0.0447,0.0,0.0,0.0,0.0447,0.2195,0.1889,0.1393,,,,0.0,0.0127,False,150,,,,,,2.0001,0.3208,0.1604,0.6265,0.9822,0.0,0.82,0.0913,0.5267,72,0.0199
mg,500,k1_mg_500,30,4,100004,False,0.76,none,0,never_reached_cube,False,False,False,False,0.0252,0.0,0.0,0.0,0.0252,0.2024,0.2181,0.0,,,,0.0,0.0127,False,150,,,,,,2.0924,0.1845,0.0882,0.6223,0.9822,0.0,0.8192,-0.0461,0.4667,73,0.0112
mg,500,k1_mg_500,30,5,100005,False,8.64,none,0,never_reached_cube,False,False,False,False,0.2881,0.0,0.0,0.0,0.2881,0.2096,0.0891,0.5749,,,,0.0,0.0342,False,150,,,,,,2.2974,0.2325,0.1012,0.6103,0.9822,0.0,0.8024,0.0127,0.4867,87,0.128
mg,500,k1_mg_500,30,6,100006,False,2.97,none,0,never_reached_cube,False,False,False,False,0.0991,0.0,0.0,0.0,0.0991,0.194,0.1477,0.2385,,,,0.0,0.0127,False,150,,,,,,2.3351,0.2876,0.1232,0.6398,0.9822,0.0,0.821,0.0649,0.58,74,0.044
mg,500,k1_mg_500,30,7,100007,False,1.89,none,0,never_reached_cube,False,False,False,False,0.0629,0.0,0.0,0.0,0.0629,0.2082,0.1714,0.177,,,,0.0,0.0127,False,150,,,,,,2.3976,0.3594,0.1499,0.6278,0.9822,0.0,0.8427,-0.0045,0.4867,79,0.028
mg,500,k1_mg_500,30,8,100008,False,2.49,none,0,never_reached_cube,False,False,False,False,0.0829,0.0,0.0,0.0,0.0829,0.217,0.157,0.2765,,,,0.0,0.0127,False,150,,,,,,1.9993,0.1865,0.0933,0.6155,0.9822,0.0,0.8102,0.1098,0.5667,77,0.0369
mg,500,k1_mg_500,30,9,100009,False,3.48,none,0,never_reached_cube,False,False,False,False,0.1158,0.0,0.0,0.0,0.1158,0.2226,0.1394,0.3734,,,,0.0,0.0127,False,150,,,,,,2.4217,0.1933,0.0798,0.6088,0.9822,0.0,0.796,0.0638,0.5467,72,0.0515
mg,500,k1_mg_500,30,10,100010,False,1.03,none,0,never_reached_cube,False,False,False,False,0.0342,0.0,0.0,0.0,0.0342,0.1916,0.2026,0.0,,,,0.0,0.0127,False,150,,,,,,2.1962,0.4082,0.1859,0.623,0.9822,0.0,0.8028,0.0565,0.5333,74,0.0152
mg,500,k1_mg_500,30,11,100011,False,0.87,none,0,never_reached_cube,False,False,False,False,0.0291,0.0,0.0,0.0,0.0291,0.2243,0.2108,0.0603,,,,0.0,0.0127,False,150,,,,,,2.5747,0.3081,0.1197,0.6171,0.9822,0.0,0.8046,-0.0043,0.4933,84,0.0129
mg,500,k1_mg_500,30,12,100012,False,1.11,none,0,never_reached_cube,False,False,False,False,0.0369,0.0,0.0,0.0,0.0369,0.2013,0.1987,0.0126,,,,0.0,0.0127,False,150,,,,,,2.1457,0.2422,0.1129,0.6217,0.9822,0.0,0.842,0.0934,0.5733,76,0.0164
mg,500,k1_mg_500,30,13,100013,False,11.38,reach,1,reached_but_no_grasp,True,False,False,False,0.3793,0.0,0.0,0.0,0.3793,0.2152,0.0726,0.6626,,,,0.0,0.0422,False,150,75,,,,,2.3033,0.2325,0.1009,0.6155,0.9822,0.0,0.8236,-0.1027,0.4467,75,0.1686
mg,500,k1_mg_500,30,14,100014,False,1.42,none,0,never_reached_cube,False,False,False,False,0.0474,0.0,0.0,0.0,0.0474,0.1895,0.1859,0.0191,,,,0.0,0.0127,False,150,,,,,,2.2808,0.3055,0.1339,0.627,0.9822,0.0,0.8247,-0.0113,0.46,76,0.0211
mg,500,k1_mg_500,30,15,100015,False,2.64,none,0,never_reached_cube,False,False,False,False,0.0881,0.0,0.0,0.0,0.0881,0.2123,0.1539,0.2755,,,,0.0,0.0127,False,150,,,,,,2.2952,0.2164,0.0943,0.6076,0.9822,0.0,0.7704,0.0267,0.52,63,0.0392
mg,500,k1_mg_500,30,16,100016,False,6.65,none,0,never_reached_cube,False,False,False,False,0.2218,0.0,0.0,0.0,0.2218,0.2127,0.1041,0.5108,,,,0.0,0.0127,False,150,,,,,,2.2847,0.2683,0.1174,0.6319,0.9822,0.0,0.8163,0.0131,0.5267,76,0.0986
mg,500,k1_mg_500,30,17,100017,False,2.07,none,0,never_reached_cube,False,False,False,False,0.0692,0.0,0.0,0.0,0.0692,0.2207,0.1665,0.2457,,,,0.0,0.0127,False,150,,,,,,2.3549,0.2773,0.1178,0.6177,0.9822,0.0,0.7961,-0.0035,0.5,80,0.0307
mg,500,k1_mg_500,30,18,100018,False,1.07,none,0,never_reached_cube,False,False,False,False,0.0356,0.0,0.0,0.0,0.0356,0.2151,0.2005,0.0681,,,,0.0,0.0127,False,150,,,,,,2.3901,0.2739,0.1146,0.6161,0.9822,0.0,0.7961,-0.0753,0.4867,73,0.0158
mg,500,k1_mg_500,30,19,100019,False,19.29,reach,1,reached_but_no_grasp,True,False,False,False,0.6429,0.0,0.0,0.0,0.6429,0.1893,0.0374,0.8027,,,,0.0,0.0652,False,150,113,,,,,2.2686,0.2515,0.1108,0.5964,0.9822,0.0,0.8201,-0.0355,0.4667,73,0.2857
mg,500,k1_mg_500,30,20,100020,False,12.29,reach,1,reached_but_no_grasp,True,False,False,False,0.4097,0.0,0.0,0.0,0.4097,0.2094,0.0678,0.6762,,,,0.0,0.024,False,150,38,,,,,2.0042,0.1603,0.08,0.6301,0.9822,0.0,0.8122,-0.0385,0.4333,73,0.1821
mg,500,k1_mg_500,30,21,100021,False,3.97,none,0,never_reached_cube,False,False,False,False,0.1325,0.0,0.0,0.0,0.1325,0.199,0.1323,0.3352,,,,0.0,0.0127,False,150,,,,,,2.1782,0.2559,0.1175,0.6145,0.9822,0.0,0.8239,-0.0029,0.4733,75,0.0589
mg,500,k1_mg_500,30,22,100022,False,1.22,none,0,never_reached_cube,False,False,False,False,0.0407,0.0,0.0,0.0,0.0407,0.2159,0.1937,0.1025,,,,0.0,0.0127,False,150,,,,,,2.3972,0.4157,0.1734,0.6176,0.9822,0.0,0.8109,0.0508,0.5133,81,0.0181
mg,500,k1_mg_500,30,23,100023,False,1.02,none,0,never_reached_cube,False,False,False,False,0.0341,0.0,0.0,0.0,0.0341,0.2055,0.2027,0.0137,,,,0.0,0.0127,False,150,,,,,,2.2339,0.3068,0.1373,0.6187,0.9822,0.0,0.8086,-0.0999,0.46,77,0.0152
mg,500,k1_mg_500,30,24,100024,False,15.63,reach,1,reached_but_no_grasp,True,False,False,False,0.521,0.0,0.0,0.0,0.521,0.2258,0.0522,0.769,,,,0.0,0.0127,False,150,48,,,,,2.0723,0.2616,0.1262,0.6256,0.9822,0.0,0.7878,-0.0687,0.4533,75,0.2316
mg,500,k1_mg_500,30,25,100025,False,2.36,none,0,never_reached_cube,False,False,False,False,0.0785,0.0,0.0,0.0,0.0785,0.2069,0.1599,0.2275,,,,0.0,0.0127,False,150,,,,,,2.6468,0.0819,0.0309,0.62,0.9822,0.0,0.8079,-0.0314,0.4733,78,0.0349
mg,500,k1_mg_500,30,26,100026,False,0.93,none,0,never_reached_cube,False,False,False,False,0.031,0.0,0.0,0.0,0.031,0.1984,0.2075,0.0,,,,0.0,0.0127,False,150,,,,,,2.3332,0.4877,0.209,0.6066,0.9822,0.0,0.789,-0.0738,0.4867,75,0.0138
mg,500,k1_mg_500,30,27,100027,False,1.48,none,0,never_reached_cube,False,False,False,False,0.0492,0.0,0.0,0.0,0.0492,0.2147,0.184,0.1432,,,,0.0,0.0127,False,150,,,,,,2.6095,0.2928,0.1122,0.6156,0.9822,0.0,0.7763,0.0634,0.54,74,0.0219
mg,500,k1_mg_500,30,28,100028,False,9.16,reach,1,reached_but_no_grasp,True,False,False,False,0.3054,0.0,0.0,0.0,0.3054,0.2292,0.0857,0.6261,,,,0.0,0.0127,False,150,111,,,,,2.5026,0.3334,0.1332,0.5984,0.9822,0.0,0.8074,-0.0138,0.54,74,0.1357
mg,500,k1_mg_500,30,29,100029,False,25.4,reach,1,reached_but_no_grasp,True,False,False,False,0.8466,0.0,0.0,0.0,0.8466,0.2004,0.0155,0.9228,,,,0.0005,0.1346,False,150,48,,,,,2.0648,0.2365,0.1145,0.6179,0.9822,0.0,0.8121,0.0083,0.5267,79,0.3762
mg,750,k1_mg_750,30,0,100000,False,12.43,reach,1,reached_but_no_grasp,True,False,False,False,0.4144,0.0,0.0,0.0,0.4144,0.203,0.0671,0.6694,,,,0.0,0.0127,False,150,109,,,,,2.0565,0.174,0.0846,0.6229,0.9822,0.0,0.815,0.091,0.54,85,0.1842
mg,750,k1_mg_750,30,1,100001,False,4.9,none,0,never_reached_cube,False,False,False,False,0.1632,0.0,0.0,0.0,0.1632,0.1951,0.121,0.3796,,,,0.0,0.0338,False,150,,,,,,2.1238,0.2259,0.1064,0.6135,0.9822,0.0,0.8172,0.0224,0.4533,74,0.0726
mg,750,k1_mg_750,30,2,100002,False,1.14,none,0,never_reached_cube,False,False,False,False,0.0381,0.0,0.0,0.0,0.0381,0.198,0.197,0.0047,,,,0.0,0.0127,False,150,,,,,,2.4694,0.1856,0.0752,0.6221,0.9822,0.0,0.8258,-0.0171,0.4867,74,0.0169
mg,750,k1_mg_750,30,3,100003,False,0.63,none,0,never_reached_cube,False,False,False,False,0.0209,0.0,0.0,0.0,0.0209,0.2195,0.2276,0.0,,,,0.0,0.0127,False,150,,,,,,2.3182,0.4347,0.1875,0.6123,0.9822,0.0,0.7976,-0.0254,0.4667,62,0.0093
mg,750,k1_mg_750,30,4,100004,False,1.11,none,0,never_reached_cube,False,False,False,False,0.037,0.0,0.0,0.0,0.037,0.2024,0.1985,0.0192,,,,0.0,0.0127,False,150,,,,,,2.0632,0.2009,0.0974,0.6183,0.9822,0.0,0.8134,0.0743,0.5333,82,0.0165
mg,750,k1_mg_750,30,5,100005,False,3.85,none,0,never_reached_cube,False,False,False,False,0.1284,0.0,0.0,0.0,0.1284,0.2096,0.134,0.3608,,,,0.0,0.0127,False,150,,,,,,2.5716,0.3462,0.1346,0.6254,0.9822,0.0,0.8291,0.0322,0.5267,71,0.0571
mg,750,k1_mg_750,30,6,100006,False,1.02,none,0,never_reached_cube,False,False,False,False,0.0341,0.0,0.0,0.0,0.0341,0.194,0.2027,0.0,,,,0.0,0.0127,False,150,,,,,,2.3459,0.4584,0.1954,0.6357,0.9822,0.0,0.8312,-0.079,0.4333,75,0.0152
mg,750,k1_mg_750,30,7,100007,False,1.84,none,0,never_reached_cube,False,False,False,False,0.0612,0.0,0.0,0.0,0.0612,0.2082,0.1728,0.1701,,,,0.0,0.0127,False,150,,,,,,2.2202,0.1228,0.0553,0.6112,0.9822,0.0,0.8206,-0.0329,0.4933,83,0.0272
mg,750,k1_mg_750,30,8,100008,False,2.7,none,0,never_reached_cube,False,False,False,False,0.09,0.0,0.0,0.0,0.09,0.217,0.1528,0.2962,,,,0.0,0.0127,False,150,,,,,,2.0813,0.3447,0.1656,0.6208,0.9822,0.0,0.8258,-0.0387,0.48,79,0.04
mg,750,k1_mg_750,30,9,100009,False,11.13,reach,1,reached_but_no_grasp,True,False,False,False,0.3711,0.0,0.0,0.0,0.3711,0.2226,0.074,0.6677,,,,0.0,0.0424,False,150,46,,,,,2.7535,0.3627,0.1317,0.616,0.9822,0.0,0.804,0.0083,0.5067,67,0.1649
mg,750,k1_mg_750,30,10,100010,False,3.49,none,0,never_reached_cube,False,False,False,False,0.1163,0.0,0.0,0.0,0.1163,0.1916,0.1392,0.2732,,,,0.0,0.0187,False,150,,,,,,2.1,0.2414,0.1149,0.6267,0.9822,0.0,0.8223,-0.003,0.52,73,0.0517
mg,750,k1_mg_750,30,11,100011,False,1.34,none,0,never_reached_cube,False,False,False,False,0.0445,0.0,0.0,0.0,0.0445,0.2243,0.1891,0.1569,,,,0.0,0.0127,False,150,,,,,,2.6219,0.4184,0.1596,0.6145,0.9822,0.0,0.7793,-0.0484,0.46,61,0.0198
mg,750,k1_mg_750,30,12,100012,False,0.91,none,0,never_reached_cube,False,False,False,False,0.0304,0.0,0.0,0.0,0.0304,0.2013,0.2085,0.0,,,,0.0,0.0127,False,150,,,,,,2.0066,0.2253,0.1123,0.6058,0.9822,0.0,0.7959,0.0422,0.52,76,0.0135
mg,750,k1_mg_750,30,13,100013,False,3.21,none,0,never_reached_cube,False,False,False,False,0.1069,0.0,0.0,0.0,0.1069,0.2152,0.1437,0.3323,,,,0.0,0.0127,False,150,,,,,,2.6403,0.233,0.0882,0.6259,0.9822,0.0,0.7972,0.0486,0.5133,70,0.0475
mg,750,k1_mg_750,30,14,100014,False,18.2,reach,1,reached_but_no_grasp,True,False,False,False,0.6065,0.0,0.0,0.0,0.6065,0.1895,0.0416,0.7806,,,,0.0,0.0652,False,150,76,,,,,2.1059,0.1839,0.0873,0.6172,0.9822,0.0,0.8071,0.0315,0.5333,75,0.2696
mg,750,k1_mg_750,30,15,100015,False,1.12,none,0,never_reached_cube,False,False,False,False,0.0373,0.0,0.0,0.0,0.0373,0.2123,0.1982,0.0666,,,,0.0,0.0127,False,150,,,,,,2.0634,0.252,0.1221,0.6254,0.9822,0.0,0.8146,-0.0469,0.48,64,0.0166
mg,750,k1_mg_750,30,16,100016,False,0.99,none,0,never_reached_cube,False,False,False,False,0.0331,0.0,0.0,0.0,0.0331,0.2127,0.2042,0.0401,,,,0.0,0.0127,False,150,,,,,,2.3457,0.3457,0.1474,0.5911,0.9822,0.0,0.789,0.0565,0.5467,73,0.0147
mg,750,k1_mg_750,30,17,100017,False,2.34,none,0,never_reached_cube,False,False,False,False,0.0781,0.0,0.0,0.0,0.0781,0.2207,0.1602,0.2742,,,,0.0,0.0127,False,150,,,,,,2.4265,0.2138,0.0881,0.6208,0.9822,0.0,0.822,0.013,0.4667,75,0.0347
mg,750,k1_mg_750,30,18,100018,False,4.99,none,0,never_reached_cube,False,False,False,False,0.1663,0.0,0.0,0.0,0.1663,0.2151,0.12,0.4421,,,,0.002,0.0675,False,150,,,,,,1.8175,0.2104,0.1158,0.6084,0.9822,0.0,0.8224,0.0634,0.5333,81,0.0739
mg,750,k1_mg_750,30,19,100019,False,11.48,reach,1,reached_but_no_grasp,True,False,False,False,0.3826,0.0,0.0,0.0,0.3826,0.1893,0.0721,0.6192,,,,0.0,0.0127,False,150,73,,,,,2.4006,0.2124,0.0885,0.6047,0.9822,0.0,0.7771,0.129,0.56,82,0.17
mg,750,k1_mg_750,30,20,100020,False,1.7,none,0,never_reached_cube,False,False,False,False,0.0566,0.0,0.0,0.0,0.0566,0.2094,0.1768,0.1557,,,,0.0,0.0127,False,150,,,,,,2.4752,0.1712,0.0692,0.618,0.9822,0.0,0.8189,-0.0615,0.46,71,0.0251
mg,750,k1_mg_750,30,21,100021,False,0.78,none,0,never_reached_cube,False,False,False,False,0.026,0.0,0.0,0.0,0.026,0.199,0.2166,0.0,,,,0.0,0.0127,False,150,,,,,,2.0623,0.4385,0.2126,0.6246,0.9822,0.0,0.798,-0.1555,0.42,69,0.0115
mg,750,k1_mg_750,30,22,100022,False,0.85,none,0,never_reached_cube,False,False,False,False,0.0282,0.0,0.0,0.0,0.0282,0.2159,0.2124,0.0162,,,,0.0,0.0127,False,150,,,,,,2.268,0.4197,0.1851,0.6212,0.9822,0.0,0.8223,0.0715,0.54,77,0.0125
mg,750,k1_mg_750,30,23,100023,False,8.31,none,0,never_reached_cube,False,False,False,False,0.2772,0.0,0.0,0.0,0.2772,0.2055,0.0914,0.5554,,,,0.0,0.0127,False,150,,,,,,2.3196,0.1725,0.0744,0.6255,0.9822,0.0,0.8308,-0.0267,0.4467,76,0.1232
mg,750,k1_mg_750,30,24,100024,False,8.91,none,0,never_reached_cube,False,False,False,False,0.2969,0.0,0.0,0.0,0.2969,0.2258,0.0873,0.6132,,,,0.0,0.0127,False,150,,,,,,2.4318,0.2663,0.1095,0.6284,0.9822,0.0,0.8327,0.0543,0.5467,82,0.1319
mg,750,k1_mg_750,30,25,100025,False,1.23,none,0,never_reached_cube,False,False,False,False,0.0411,0.0,0.0,0.0,0.0411,0.2069,0.1932,0.0664,,,,0.0,0.0127,False,150,,,,,,2.502,0.1888,0.0754,0.6155,0.9822,0.0,0.7967,-0.001,0.52,73,0.0183
mg,750,k1_mg_750,30,26,100026,False,3.46,none,0,never_reached_cube,False,False,False,False,0.1153,0.0,0.0,0.0,0.1153,0.1984,0.1397,0.296,,,,0.0,0.0127,False,150,,,,,,2.1111,0.182,0.0862,0.6121,0.9822,0.0,0.8019,0.0399,0.54,71,0.0512
mg,750,k1_mg_750,30,27,100027,False,1.53,none,0,never_reached_cube,False,False,False,False,0.0509,0.0,0.0,0.0,0.0509,0.2147,0.1823,0.1511,,,,0.0,0.0127,False,150,,,,,,2.3938,0.2868,0.1198,0.6138,0.9822,0.0,0.7737,0.0435,0.5467,67,0.0226
mg,750,k1_mg_750,30,28,100028,False,2.36,none,0,never_reached_cube,False,False,False,False,0.0788,0.0,0.0,0.0,0.0788,0.2292,0.1597,0.3033,,,,0.0,0.0127,False,150,,,,,,2.5031,0.4048,0.1617,0.6159,0.9822,0.0,0.7836,-0.0087,0.5067,77,0.035
mg,750,k1_mg_750,30,29,100029,False,15.46,reach,1,reached_but_no_grasp,True,False,False,False,0.5154,0.0,0.0,0.0,0.5154,0.2004,0.0529,0.7361,,,,0.0,0.0571,False,150,129,,,,,2.6386,0.2466,0.0934,0.599,0.9822,0.0,0.7794,-0.0053,0.4867,89,0.2291
mh,1000,k1_mh_1000,30,0,100000,False,83.52,lift,3,lifted_but_below_threshold,True,True,True,False,0.7942,0.25,0.588,0.0,0.7942,0.203,0.0209,0.8971,,,,0.0,0.0211,False,150,64,92,92,,,0.7763,0.1937,0.2495,0.2666,1.0,0.0752,0.2886,-0.197,0.3867,45,0.4413
mh,1000,k1_mh_1000,30,1,100001,False,5.93,none,0,never_reached_cube,False,False,False,False,0.1975,0.0,0.0,0.0,0.1975,0.1951,0.1106,0.4333,,,,0.0,0.0127,False,150,,,,,,0.7361,0.2581,0.3506,0.2511,1.0,0.08,0.2898,-0.3504,0.28,47,0.0878
mh,1000,k1_mh_1000,30,2,100002,False,19.75,reach,1,reached_but_no_grasp,True,False,False,False,0.6583,0.0,0.0,0.0,0.6583,0.198,0.0356,0.8201,,,,0.0028,0.0217,False,150,51,,,,,0.8275,0.2261,0.2732,0.2618,1.0,0.0724,0.2722,-0.2185,0.3733,41,0.2926
mh,1000,k1_mh_1000,30,3,100003,False,14.19,reach,1,reached_but_no_grasp,True,False,False,False,0.4732,0.0,0.0,0.0,0.4732,0.2195,0.0586,0.7331,,,,0.0,0.0127,False,150,83,,,,,0.647,0.1895,0.2929,0.274,1.0,0.0857,0.303,-0.6218,0.1667,40,0.2103
mh,1000,k1_mh_1000,30,4,100004,False,15.03,reach,1,reached_but_no_grasp,True,False,False,False,0.5011,0.0,0.0,0.0,0.5011,0.2024,0.0548,0.7294,,,,0.0,0.0127,False,150,91,,,,,0.7563,0.1797,0.2375,0.2828,1.0,0.0924,0.2939,-0.6819,0.1333,38,0.2227
mh,1000,k1_mh_1000,30,5,100005,True,100.0,success,4,none_success,True,True,True,True,0.9514,0.25,1.0,0.0,1.0,0.2096,0.0049,0.9768,,,,0.0102,0.0274,False,139,50,130,130,139,,0.6889,0.2165,0.3142,0.2697,1.0,0.0719,0.3008,-0.3672,0.2878,47,1.0
mh,1000,k1_mh_1000,30,6,100006,False,13.46,reach,1,reached_but_no_grasp,True,False,False,False,0.4485,0.0,0.0,0.0,0.4485,0.194,0.062,0.6801,,,,0.0,0.0127,False,150,63,,,,,0.7415,0.3096,0.4176,0.2634,1.0,0.0752,0.2992,-0.2227,0.3533,45,0.1993
mh,1000,k1_mh_1000,30,7,100007,False,14.4,reach,1,reached_but_no_grasp,True,False,False,False,0.4801,0.0,0.0,0.0,0.4801,0.2082,0.0576,0.7233,,,,0.0,0.0413,False,150,42,,,,,0.7655,0.2454,0.3206,0.2638,1.0,0.0752,0.2887,-0.4149,0.26,46,0.2134
mh,1000,k1_mh_1000,30,8,100008,True,100.0,success,4,none_success,True,True,True,True,0.9389,0.25,1.0,0.0,1.0,0.217,0.0061,0.9718,,,,0.0107,0.0127,False,120,65,113,113,120,,0.5921,0.2165,0.3656,0.2702,1.0,0.0833,0.2835,-0.4434,0.25,33,1.0
mh,1000,k1_mh_1000,30,9,100009,False,23.39,reach,1,reached_but_no_grasp,True,False,False,False,0.7795,0.0,0.0,0.0,0.7795,0.2226,0.0224,0.8993,,,,0.0,0.0272,False,150,51,,,,,0.6776,0.2259,0.3333,0.2634,1.0,0.0752,0.2899,-0.5235,0.18,40,0.3464
mh,1000,k1_mh_1000,30,10,100010,False,16.98,reach,1,reached_but_no_grasp,True,False,False,False,0.5661,0.0,0.0,0.0,0.5661,0.1916,0.0465,0.7575,,,,0.0,0.0182,False,150,31,,,,,0.7489,0.1824,0.2436,0.269,1.0,0.0876,0.2742,-0.6217,0.1467,32,0.2516
mh,1000,k1_mh_1000,30,11,100011,False,11.52,reach,1,reached_but_no_grasp,True,False,False,False,0.3839,0.0,0.0,0.0,0.3839,0.2243,0.0719,0.6796,,,,0.0,0.0137,False,150,48,,,,,0.6665,0.2517,0.3776,0.2654,1.0,0.0771,0.2858,-0.6407,0.14,35,0.1706
mh,1000,k1_mh_1000,30,12,100012,False,5.99,none,0,never_reached_cube,False,False,False,False,0.1995,0.0,0.0,0.0,0.1995,0.2013,0.11,0.4535,,,,0.0,0.0127,False,150,,,,,,0.7894,0.2663,0.3374,0.2546,1.0,0.0638,0.2939,-0.1691,0.4133,51,0.0887
mh,1000,k1_mh_1000,30,13,100013,False,18.79,reach,1,reached_but_no_grasp,True,False,False,False,0.6262,0.0,0.0,0.0,0.6262,0.2152,0.0393,0.8175,,,,0.0,0.0422,False,150,46,,,,,0.6505,0.2146,0.3299,0.2647,1.0,0.0724,0.2967,-0.5099,0.2133,49,0.2783
mh,1000,k1_mh_1000,30,14,100014,False,18.49,reach,1,reached_but_no_grasp,True,False,False,False,0.6163,0.0,0.0,0.0,0.6163,0.1895,0.0404,0.7866,,,,0.0,0.0127,False,150,54,,,,,0.7943,0.2763,0.3478,0.274,1.0,0.0867,0.2979,-0.2517,0.3733,39,0.2739
mh,1000,k1_mh_1000,30,15,100015,False,9.73,reach,1,reached_but_no_grasp,True,False,False,False,0.3242,0.0,0.0,0.0,0.3242,0.2123,0.0821,0.6132,,,,0.0,0.0127,False,150,99,,,,,0.7594,0.2134,0.281,0.2651,1.0,0.0857,0.292,-0.4167,0.26,42,0.1441
mh,1000,k1_mh_1000,30,16,100016,False,1.78,none,0,never_reached_cube,False,False,False,False,0.0592,0.0,0.0,0.0,0.0592,0.2127,0.1745,0.1797,,,,0.0,0.0127,False,150,,,,,,0.9078,0.3171,0.3493,0.2817,1.0,0.0838,0.3014,-0.2917,0.3467,42,0.0263
mh,1000,k1_mh_1000,30,17,100017,False,6.72,none,0,never_reached_cube,False,False,False,False,0.224,0.0,0.0,0.0,0.224,0.2207,0.1035,0.5309,,,,0.0,0.0127,False,150,,,,,,0.7912,0.2958,0.3739,0.2718,1.0,0.0686,0.3073,-0.3451,0.34,52,0.0995
mh,1000,k1_mh_1000,30,18,100018,False,14.35,reach,1,reached_but_no_grasp,True,False,False,False,0.4784,0.0,0.0,0.0,0.4784,0.2151,0.0579,0.7311,,,,0.0,0.0362,False,150,45,,,,,0.7857,0.2665,0.3392,0.2599,1.0,0.0648,0.2974,-0.4166,0.2867,59,0.2126
mh,1000,k1_mh_1000,30,19,100019,False,11.42,reach,1,reached_but_no_grasp,True,False,False,False,0.3806,0.0,0.0,0.0,0.3806,0.1893,0.0724,0.6176,,,,0.0,0.0127,False,150,37,,,,,0.7905,0.2059,0.2605,0.2719,1.0,0.0857,0.3007,-0.0781,0.4667,37,0.1692
mh,1000,k1_mh_1000,30,20,100020,False,9.06,reach,1,reached_but_no_grasp,True,False,False,False,0.3021,0.0,0.0,0.0,0.3021,0.2094,0.0863,0.5879,,,,0.0,0.0127,False,150,108,,,,,0.7317,0.3068,0.4193,0.2618,1.0,0.0724,0.2949,-0.3575,0.32,51,0.1343
mh,1000,k1_mh_1000,30,21,100021,False,10.21,reach,1,reached_but_no_grasp,True,False,False,False,0.3405,0.0,0.0,0.0,0.3405,0.199,0.0792,0.602,,,,0.0,0.0127,False,150,59,,,,,0.7351,0.2141,0.2913,0.2738,1.0,0.0857,0.2984,-0.603,0.18,50,0.1513
mh,1000,k1_mh_1000,30,22,100022,False,2.15,none,0,never_reached_cube,False,False,False,False,0.0717,0.0,0.0,0.0,0.0717,0.2159,0.1646,0.2376,,,,0.0,0.0127,False,150,,,,,,0.7732,0.2682,0.3469,0.2642,1.0,0.08,0.3107,-0.393,0.2867,55,0.0319
mh,1000,k1_mh_1000,30,23,100023,False,4.07,none,0,never_reached_cube,False,False,False,False,0.1358,0.0,0.0,0.0,0.1358,0.2055,0.131,0.3627,,,,0.0,0.0127,False,150,,,,,,0.8654,0.3122,0.3607,0.2707,1.0,0.0905,0.2986,-0.5356,0.2267,53,0.0604
mh,1000,k1_mh_1000,30,24,100024,False,0.84,none,0,never_reached_cube,False,False,False,False,0.0279,0.0,0.0,0.0,0.0279,0.2258,0.2128,0.0574,,,,0.0,0.0127,False,150,,,,,,0.7937,0.2923,0.3683,0.2693,1.0,0.0876,0.2976,-0.3116,0.3533,53,0.0124
mh,1000,k1_mh_1000,30,25,100025,False,20.9,reach,1,reached_but_no_grasp,True,False,False,False,0.6965,0.0,0.0,0.0,0.6965,0.2069,0.0313,0.8486,,,,0.0,0.0141,False,150,70,,,,,0.7421,0.2405,0.3241,0.2593,1.0,0.0829,0.2866,-0.4758,0.2067,37,0.3096
mh,1000,k1_mh_1000,30,26,100026,False,6.56,none,0,never_reached_cube,False,False,False,False,0.2188,0.0,0.0,0.0,0.2188,0.1984,0.1048,0.4716,,,,0.0,0.0127,False,150,,,,,,0.7289,0.3009,0.4129,0.2651,1.0,0.0905,0.287,-0.4956,0.26,49,0.0972
mh,1000,k1_mh_1000,30,27,100027,False,13.24,reach,1,reached_but_no_grasp,True,False,False,False,0.4414,0.0,0.0,0.0,0.4414,0.2147,0.0631,0.7062,,,,0.0,0.0326,False,150,47,,,,,0.7675,0.2204,0.2872,0.2652,1.0,0.0838,0.2862,-0.598,0.1533,46,0.1962
mh,1000,k1_mh_1000,30,28,100028,False,17.27,reach,1,reached_but_no_grasp,True,False,False,False,0.5756,0.0,0.0,0.0,0.5756,0.2292,0.0453,0.8023,,,,0.0,0.0127,False,150,65,,,,,0.8115,0.2351,0.2897,0.264,1.0,0.0876,0.2909,-0.5037,0.18,37,0.2558
mh,1000,k1_mh_1000,30,29,100029,False,22.19,reach,1,reached_but_no_grasp,True,False,False,False,0.7395,0.0,0.0,0.0,0.7395,0.2004,0.0267,0.867,,,,0.0,0.0127,False,150,43,,,,,0.78,0.2026,0.2597,0.2647,1.0,0.0733,0.3009,-0.2962,0.3333,48,0.3287
mh,250,k1_mh_250,30,0,100000,False,12.07,reach,1,reached_but_no_grasp,True,False,False,False,0.4022,0.0,0.0,0.0,0.4022,0.203,0.069,0.6602,,,,0.0,0.0127,False,150,41,,,,,0.7829,0.2076,0.2652,0.2658,1.0,0.0848,0.3052,-0.2328,0.3867,55,0.1788
mh,250,k1_mh_250,30,1,100001,False,11.97,reach,1,reached_but_no_grasp,True,False,False,False,0.3991,0.0,0.0,0.0,0.3991,0.1951,0.0694,0.644,,,,0.0,0.0127,False,150,47,,,,,0.8189,0.2967,0.3624,0.2676,1.0,0.0905,0.2956,-0.1283,0.46,52,0.1774
mh,250,k1_mh_250,30,2,100002,False,10.77,reach,1,reached_but_no_grasp,True,False,False,False,0.3588,0.0,0.0,0.0,0.3588,0.198,0.076,0.616,,,,0.0,0.0127,False,150,43,,,,,0.7885,0.2481,0.3146,0.2695,1.0,0.081,0.327,-0.1681,0.4133,71,0.1595
mh,250,k1_mh_250,30,3,100003,False,12.14,reach,1,reached_but_no_grasp,True,False,False,False,0.4047,0.0,0.0,0.0,0.4047,0.2195,0.0686,0.6875,,,,0.0,0.0702,False,150,48,,,,,0.8131,0.3079,0.3787,0.2592,1.0,0.0676,0.2868,-0.3283,0.3467,56,0.1799
mh,250,k1_mh_250,30,4,100004,False,26.32,reach,1,reached_but_no_grasp,True,False,False,False,0.8775,0.0,0.0,0.0,0.8775,0.2024,0.0123,0.9392,,,,0.0,0.0164,False,150,33,,,,,0.8717,0.2457,0.2819,0.2659,1.0,0.0733,0.296,-0.0964,0.4267,48,0.39
mh,250,k1_mh_250,30,5,100005,False,5.73,none,0,never_reached_cube,False,False,False,False,0.1909,0.0,0.0,0.0,0.1909,0.2096,0.1124,0.4635,,,,0.0,0.0127,False,150,,,,,,0.8225,0.3027,0.368,0.2673,1.0,0.0638,0.3179,-0.1306,0.4467,59,0.0849
mh,250,k1_mh_250,30,6,100006,False,22.65,reach,1,reached_but_no_grasp,True,False,False,False,0.755,0.0,0.0,0.0,0.755,0.194,0.025,0.8711,,,,0.0,0.0201,False,150,26,,,,,0.7734,0.2751,0.3557,0.2631,1.0,0.0733,0.3043,-0.0383,0.5067,55,0.3356
mh,250,k1_mh_250,30,7,100007,False,15.84,reach,1,reached_but_no_grasp,True,False,False,False,0.5279,0.0,0.0,0.0,0.5279,0.2082,0.0513,0.7537,,,,0.0,0.0183,False,150,27,,,,,0.809,0.2415,0.2985,0.2679,1.0,0.08,0.2943,-0.3174,0.3267,51,0.2346
mh,250,k1_mh_250,30,8,100008,True,100.0,success,4,none_success,True,True,True,True,0.892,0.25,1.0,0.0,1.0,0.217,0.0108,0.9501,,,,0.0106,0.021,False,49,20,47,47,49,,0.3315,0.2135,0.644,0.2804,1.0,0.0787,0.2366,-0.5668,0.2041,13,1.0
mh,250,k1_mh_250,30,9,100009,False,27.74,reach,1,reached_but_no_grasp,True,False,False,False,0.9248,0.0,0.0,0.0,0.9248,0.2226,0.0075,0.9661,,,,0.0,0.0196,False,150,47,,,,,0.8292,0.2554,0.308,0.2722,1.0,0.0743,0.2922,-0.4739,0.2333,52,0.411
mh,250,k1_mh_250,30,10,100010,False,22.44,reach,1,reached_but_no_grasp,True,False,False,False,0.7481,0.0,0.0,0.0,0.7481,0.1916,0.0257,0.8656,,,,0.0,0.0127,False,150,31,,,,,0.8036,0.1927,0.2398,0.2658,1.0,0.0848,0.3138,-0.1566,0.3733,59,0.3325
mh,250,k1_mh_250,30,11,100011,False,16.12,reach,1,reached_but_no_grasp,True,False,False,False,0.5374,0.0,0.0,0.0,0.5374,0.2243,0.0501,0.7768,,,,0.0,0.0127,False,150,51,,,,,0.8499,0.2614,0.3076,0.2787,1.0,0.0933,0.3165,-0.2753,0.36,52,0.2389
mh,250,k1_mh_250,30,12,100012,False,17.1,reach,1,reached_but_no_grasp,True,False,False,False,0.57,0.0,0.0,0.0,0.57,0.2013,0.046,0.7715,,,,0.0,0.0127,False,150,28,,,,,0.8734,0.2553,0.2923,0.275,1.0,0.079,0.3145,-0.1522,0.42,61,0.2533
mh,250,k1_mh_250,30,13,100013,False,87.95,lift,3,lifted_but_below_threshold,True,True,True,False,0.9339,0.25,0.6986,0.0,0.9339,0.2152,0.0066,0.9692,,,,0.0064,0.026,False,150,32,98,98,,,0.7191,0.2153,0.2993,0.2742,1.0,0.0867,0.2838,-0.4388,0.2467,51,0.5228
mh,250,k1_mh_250,30,14,100014,False,8.15,none,0,never_reached_cube,False,False,False,False,0.2717,0.0,0.0,0.0,0.2717,0.1895,0.0925,0.5118,,,,0.0,0.0127,False,150,,,,,,0.8395,0.2744,0.3269,0.2668,1.0,0.081,0.3036,-0.1372,0.42,57,0.1207
mh,250,k1_mh_250,30,15,100015,True,100.0,success,4,none_success,True,True,True,True,0.9043,0.25,1.0,0.0,1.0,0.2123,0.0096,0.9548,,,,0.0097,0.0253,False,97,44,86,86,97,,0.4677,0.234,0.5002,0.2728,1.0,0.0869,0.3056,-0.4246,0.268,28,1.0
mh,250,k1_mh_250,30,16,100016,False,19.27,reach,1,reached_but_no_grasp,True,False,False,False,0.6424,0.0,0.0,0.0,0.6424,0.2127,0.0374,0.8241,,,,0.0,0.0183,False,150,37,,,,,0.7989,0.2571,0.3218,0.2799,1.0,0.0848,0.3,0.05,0.5333,43,0.2855
mh,250,k1_mh_250,30,17,100017,True,100.0,success,4,none_success,True,True,True,True,0.9399,0.25,1.0,0.0,1.0,0.2207,0.006,0.9727,,,,0.0114,0.0154,False,87,38,82,82,87,,0.4754,0.2208,0.4645,0.2767,1.0,0.0788,0.285,-0.4602,0.2414,24,1.0
mh,250,k1_mh_250,30,18,100018,False,15.39,reach,1,reached_but_no_grasp,True,False,False,False,0.5131,0.0,0.0,0.0,0.5131,0.2151,0.0532,0.7527,,,,0.0,0.0127,False,150,38,,,,,0.7614,0.2661,0.3495,0.2596,1.0,0.0705,0.3193,-0.0712,0.4333,64,0.228
mh,250,k1_mh_250,30,19,100019,False,11.14,reach,1,reached_but_no_grasp,True,False,False,False,0.3714,0.0,0.0,0.0,0.3714,0.1893,0.0739,0.6096,,,,0.0,0.0127,False,150,32,,,,,0.8093,0.2727,0.3369,0.272,1.0,0.08,0.3136,-0.1398,0.4,53,0.1651
mh,250,k1_mh_250,30,20,100020,False,3.6,none,0,never_reached_cube,False,False,False,False,0.1201,0.0,0.0,0.0,0.1201,0.2094,0.1375,0.3434,,,,0.0,0.0127,False,150,,,,,,0.8922,0.2734,0.3064,0.2854,1.0,0.0905,0.3026,-0.2973,0.34,47,0.0534
mh,250,k1_mh_250,30,21,100021,False,5.36,none,0,never_reached_cube,False,False,False,False,0.1787,0.0,0.0,0.0,0.1787,0.199,0.1161,0.4167,,,,0.0,0.0127,False,150,,,,,,0.824,0.3095,0.3756,0.2694,1.0,0.0848,0.3006,-0.2598,0.3733,43,0.0794
mh,250,k1_mh_250,30,22,100022,False,28.43,reach,1,reached_but_no_grasp,True,False,False,False,0.9476,0.0,0.0,0.0,0.9476,0.2159,0.0052,0.9757,,,,0.0,0.0127,False,150,29,,,,,0.8252,0.2578,0.3124,0.2724,1.0,0.0781,0.3106,-0.347,0.3067,54,0.4212
mh,250,k1_mh_250,30,23,100023,True,100.0,success,4,none_success,True,True,True,True,0.9007,0.25,1.0,0.0,1.0,0.2055,0.01,0.9515,,,,0.0098,0.0319,False,116,31,91,91,116,,0.5558,0.2128,0.3828,0.273,1.0,0.0862,0.2912,-0.3643,0.3103,38,1.0
mh,250,k1_mh_250,30,24,100024,False,22.46,reach,1,reached_but_no_grasp,True,False,False,False,0.7486,0.0,0.0,0.0,0.7486,0.2258,0.0257,0.8862,,,,0.0,0.019,False,150,31,,,,,0.8399,0.2852,0.3395,0.2719,1.0,0.0695,0.2884,-0.2469,0.3667,67,0.3327
mh,250,k1_mh_250,30,25,100025,False,22.0,reach,1,reached_but_no_grasp,True,False,False,False,0.7334,0.0,0.0,0.0,0.7334,0.2069,0.0273,0.868,,,,0.0,0.014,False,150,39,,,,,0.8474,0.2778,0.3278,0.2709,1.0,0.0886,0.3157,-0.1092,0.4133,63,0.3259
mh,250,k1_mh_250,30,26,100026,True,100.0,success,4,none_success,True,True,True,True,0.9312,0.25,1.0,0.0,1.0,0.1984,0.0069,0.9653,,,,0.0119,0.0128,False,79,35,72,72,79,,0.3868,0.2054,0.5311,0.2574,1.0,0.0741,0.2629,-0.4786,0.2405,23,1.0
mh,250,k1_mh_250,30,27,100027,False,7.66,none,0,never_reached_cube,False,False,False,False,0.2553,0.0,0.0,0.0,0.2553,0.2147,0.0961,0.5526,,,,0.0,0.0127,False,150,,,,,,0.811,0.2799,0.3451,0.2637,1.0,0.0705,0.3173,-0.2071,0.34,55,0.1135
mh,250,k1_mh_250,30,28,100028,False,26.8,reach,1,reached_but_no_grasp,True,False,False,False,0.8933,0.0,0.0,0.0,0.8933,0.2292,0.0107,0.9533,,,,0.0,0.0362,False,150,39,,,,,0.8288,0.2697,0.3254,0.2635,1.0,0.0733,0.3157,-0.1287,0.4267,52,0.397
mh,250,k1_mh_250,30,29,100029,False,4.68,none,0,never_reached_cube,False,False,False,False,0.156,0.0,0.0,0.0,0.156,0.2004,0.1235,0.384,,,,0.0,0.0127,False,150,,,,,,0.8364,0.3117,0.3727,0.2682,1.0,0.0848,0.2899,-0.2517,0.3933,47,0.0694
mh,500,k1_mh_500,30,0,100000,False,1.92,none,0,never_reached_cube,False,False,False,False,0.0639,0.0,0.0,0.0,0.0639,0.203,0.1706,0.1598,,,,0.0,0.0127,False,150,,,,,,0.8266,0.2956,0.3576,0.2655,1.0,0.0743,0.297,-0.4709,0.22,51,0.0284
mh,500,k1_mh_500,30,1,100001,False,7.23,none,0,never_reached_cube,False,False,False,False,0.2411,0.0,0.0,0.0,0.2411,0.1951,0.0994,0.4907,,,,0.0,0.0127,False,150,,,,,,0.8151,0.2886,0.3541,0.2735,1.0,0.0905,0.3051,-0.4848,0.2133,45,0.1072
mh,500,k1_mh_500,30,2,100002,False,8.37,none,0,never_reached_cube,False,False,False,False,0.279,0.0,0.0,0.0,0.279,0.198,0.091,0.5405,,,,0.0,0.0127,False,150,,,,,,0.8026,0.2762,0.3441,0.2638,1.0,0.0714,0.2948,-0.3729,0.2867,49,0.124
mh,500,k1_mh_500,30,3,100003,False,13.75,reach,1,reached_but_no_grasp,True,False,False,False,0.4584,0.0,0.0,0.0,0.4584,0.2195,0.0606,0.7237,,,,0.0,0.0127,False,150,69,,,,,0.7894,0.3254,0.4122,0.2687,1.0,0.0771,0.3124,-0.3245,0.3133,58,0.2037
mh,500,k1_mh_500,30,4,100004,False,7.23,none,0,never_reached_cube,False,False,False,False,0.2409,0.0,0.0,0.0,0.2409,0.2024,0.0994,0.5088,,,,0.0,0.0127,False,150,,,,,,0.8018,0.2757,0.3438,0.2612,1.0,0.0695,0.3,-0.2102,0.3533,49,0.107
mh,500,k1_mh_500,30,5,100005,False,2.09,none,0,never_reached_cube,False,False,False,False,0.0698,0.0,0.0,0.0,0.0698,0.2096,0.166,0.2079,,,,0.0,0.0127,False,150,,,,,,0.7906,0.3461,0.4378,0.2728,1.0,0.0762,0.3162,-0.4965,0.2067,44,0.031
mh,500,k1_mh_500,30,6,100006,False,18.3,reach,1,reached_but_no_grasp,True,False,False,False,0.6101,0.0,0.0,0.0,0.6101,0.194,0.0412,0.7878,,,,0.0,0.0127,False,150,46,,,,,0.727,0.1751,0.2408,0.2609,1.0,0.0771,0.3113,-0.4988,0.2133,50,0.2712
mh,500,k1_mh_500,30,7,100007,False,19.28,reach,1,reached_but_no_grasp,True,False,False,False,0.6425,0.0,0.0,0.0,0.6425,0.2082,0.0374,0.8204,,,,0.0,0.0127,False,150,66,,,,,0.7486,0.2791,0.3729,0.255,1.0,0.0629,0.3032,-0.2506,0.3867,63,0.2856
mh,500,k1_mh_500,30,8,100008,False,7.41,none,0,never_reached_cube,False,False,False,False,0.2469,0.0,0.0,0.0,0.2469,0.217,0.098,0.5484,,,,0.0,0.0127,False,150,,,,,,0.8831,0.2779,0.3147,0.266,1.0,0.0695,0.3279,-0.3283,0.3333,66,0.1097
mh,500,k1_mh_500,30,9,100009,False,14.52,reach,1,reached_but_no_grasp,True,False,False,False,0.484,0.0,0.0,0.0,0.484,0.2226,0.0571,0.7435,,,,0.0,0.0127,False,150,55,,,,,0.7654,0.2236,0.2922,0.2772,1.0,0.0895,0.308,-0.5318,0.22,41,0.2151
mh,500,k1_mh_500,30,10,100010,False,4.08,none,0,never_reached_cube,False,False,False,False,0.136,0.0,0.0,0.0,0.136,0.1916,0.1309,0.3169,,,,0.0,0.0127,False,150,,,,,,0.8582,0.3212,0.3743,0.256,1.0,0.061,0.3177,-0.2481,0.34,70,0.0605
mh,500,k1_mh_500,30,11,100011,False,3.59,none,0,never_reached_cube,False,False,False,False,0.1195,0.0,0.0,0.0,0.1195,0.2243,0.1378,0.3858,,,,0.0,0.0127,False,150,,,,,,0.9218,0.3403,0.3692,0.2628,1.0,0.0743,0.2823,-0.3272,0.34,51,0.0531
mh,500,k1_mh_500,30,12,100012,False,14.78,reach,1,reached_but_no_grasp,True,False,False,False,0.4925,0.0,0.0,0.0,0.4925,0.2013,0.0559,0.7221,,,,0.0,0.038,False,150,49,,,,,0.8289,0.2921,0.3525,0.2661,1.0,0.0743,0.3034,-0.4536,0.26,49,0.2189
mh,500,k1_mh_500,30,13,100013,False,3.8,none,0,never_reached_cube,False,False,False,False,0.1268,0.0,0.0,0.0,0.1268,0.2152,0.1346,0.3744,,,,0.0,0.0127,False,150,,,,,,0.7936,0.316,0.3982,0.2741,1.0,0.0886,0.3153,-0.3853,0.28,52,0.0564
mh,500,k1_mh_500,30,14,100014,False,1.18,none,0,never_reached_cube,False,False,False,False,0.0395,0.0,0.0,0.0,0.0395,0.1895,0.1953,0.0,,,,0.0,0.0127,False,150,,,,,,0.7664,0.3061,0.3994,0.259,1.0,0.0733,0.3074,-0.3905,0.2933,53,0.0175
mh,500,k1_mh_500,30,15,100015,False,1.43,none,0,never_reached_cube,False,False,False,False,0.0476,0.0,0.0,0.0,0.0476,0.2123,0.1857,0.1253,,,,0.0,0.0127,False,150,,,,,,0.8513,0.3385,0.3976,0.273,1.0,0.0819,0.3072,-0.4163,0.2667,51,0.0211
mh,500,k1_mh_500,30,16,100016,False,9.36,reach,1,reached_but_no_grasp,True,False,False,False,0.3119,0.0,0.0,0.0,0.3119,0.2127,0.0844,0.6031,,,,0.0,0.0127,False,150,67,,,,,0.8364,0.2999,0.3586,0.2684,1.0,0.0771,0.3122,-0.3264,0.3,62,0.1386
mh,500,k1_mh_500,30,17,100017,True,100.0,success,4,none_success,True,True,True,True,0.9333,0.25,1.0,0.0,1.0,0.2207,0.0067,0.9697,,,,0.0104,0.0134,False,138,52,103,103,138,,0.7159,0.2211,0.3088,0.2712,1.0,0.0776,0.3072,-0.4096,0.2464,51,1.0
mh,500,k1_mh_500,30,18,100018,False,2.47,none,0,never_reached_cube,False,False,False,False,0.0822,0.0,0.0,0.0,0.0822,0.2151,0.1575,0.2681,,,,0.0,0.0127,False,150,,,,,,0.8404,0.3171,0.3773,0.2741,1.0,0.0876,0.2902,-0.4439,0.24,48,0.0365
mh,500,k1_mh_500,30,19,100019,False,16.33,reach,1,reached_but_no_grasp,True,False,False,False,0.5443,0.0,0.0,0.0,0.5443,0.1893,0.0492,0.7401,,,,0.0,0.0127,False,150,26,,,,,0.9071,0.27,0.2976,0.2651,1.0,0.0762,0.3056,-0.3573,0.2933,52,0.2419
mh,500,k1_mh_500,30,20,100020,False,3.35,none,0,never_reached_cube,False,False,False,False,0.1118,0.0,0.0,0.0,0.1118,0.2094,0.1413,0.3252,,,,0.0,0.0127,False,150,,,,,,0.9016,0.3409,0.3781,0.2623,1.0,0.0695,0.3163,-0.2568,0.3467,55,0.0497
mh,500,k1_mh_500,30,21,100021,False,10.74,reach,1,reached_but_no_grasp,True,False,False,False,0.3582,0.0,0.0,0.0,0.3582,0.199,0.0761,0.6174,,,,0.0,0.0127,False,150,105,,,,,0.7626,0.312,0.4091,0.2655,1.0,0.0762,0.3143,-0.3643,0.3067,43,0.1592
mh,500,k1_mh_500,30,22,100022,False,1.22,none,0,never_reached_cube,False,False,False,False,0.0406,0.0,0.0,0.0,0.0406,0.2159,0.1939,0.1019,,,,0.0,0.0127,False,150,,,,,,0.849,0.3119,0.3674,0.2751,1.0,0.0924,0.3007,-0.4564,0.26,55,0.018
mh,500,k1_mh_500,30,23,100023,False,15.99,reach,1,reached_but_no_grasp,True,False,False,False,0.533,0.0,0.0,0.0,0.533,0.2055,0.0506,0.7537,,,,0.0,0.0127,False,150,29,,,,,0.802,0.312,0.389,0.259,1.0,0.0752,0.3101,-0.1872,0.38,63,0.2369
mh,500,k1_mh_500,30,24,100024,False,1.01,none,0,never_reached_cube,False,False,False,False,0.0337,0.0,0.0,0.0,0.0337,0.2258,0.2033,0.0998,,,,0.0,0.0127,False,150,,,,,,0.8431,0.2786,0.3305,0.2726,1.0,0.0819,0.283,-0.5973,0.1667,38,0.015
mh,500,k1_mh_500,30,25,100025,False,2.97,none,0,never_reached_cube,False,False,False,False,0.099,0.0,0.0,0.0,0.099,0.2069,0.1478,0.2859,,,,0.0,0.0127,False,150,,,,,,0.9333,0.3236,0.3467,0.283,1.0,0.0895,0.29,-0.5219,0.2133,44,0.044
mh,500,k1_mh_500,30,26,100026,False,3.81,none,0,never_reached_cube,False,False,False,False,0.127,0.0,0.0,0.0,0.127,0.1984,0.1345,0.322,,,,0.0,0.0127,False,150,,,,,,0.7654,0.2258,0.295,0.2682,1.0,0.08,0.3125,-0.4379,0.2733,60,0.0565
mh,500,k1_mh_500,30,27,100027,False,24.64,reach,1,reached_but_no_grasp,True,False,False,False,0.8212,0.0,0.0,0.0,0.8212,0.2147,0.0181,0.9159,,,,0.0,0.0216,False,150,64,,,,,0.7725,0.2061,0.2668,0.2564,1.0,0.0752,0.2882,-0.4912,0.2067,50,0.365
mh,500,k1_mh_500,30,28,100028,False,3.43,none,0,never_reached_cube,False,False,False,False,0.1143,0.0,0.0,0.0,0.1143,0.2292,0.1402,0.3885,,,,0.0,0.0127,False,150,,,,,,0.7724,0.287,0.3716,0.2749,1.0,0.0924,0.2949,-0.5949,0.1533,39,0.0508
mh,500,k1_mh_500,30,29,100029,False,2.81,none,0,never_reached_cube,False,False,False,False,0.0936,0.0,0.0,0.0,0.0936,0.2004,0.1507,0.2482,,,,0.0,0.0127,False,150,,,,,,0.8394,0.2997,0.357,0.2799,1.0,0.0838,0.31,-0.431,0.2933,51,0.0416
mh,750,k1_mh_750,30,0,100000,False,7.01,none,0,never_reached_cube,False,False,False,False,0.2337,0.0,0.0,0.0,0.2337,0.203,0.1011,0.5018,,,,0.0,0.0127,False,150,,,,,,0.7393,0.2717,0.3675,0.2701,1.0,0.0819,0.3271,-0.3366,0.3067,48,0.1039
mh,750,k1_mh_750,30,1,100001,False,28.41,reach,1,reached_but_no_grasp,True,False,False,False,0.9469,0.0,0.0,0.0,0.9469,0.1951,0.0053,0.9728,,,,0.0,0.0127,False,150,27,,,,,0.6961,0.203,0.2916,0.2764,1.0,0.0943,0.3016,-0.6014,0.16,39,0.4209
mh,750,k1_mh_750,30,2,100002,False,4.36,none,0,never_reached_cube,False,False,False,False,0.1452,0.0,0.0,0.0,0.1452,0.198,0.1274,0.3566,,,,0.0,0.0127,False,150,,,,,,0.7879,0.2455,0.3116,0.2741,1.0,0.0867,0.3002,-0.5538,0.2067,47,0.0645
mh,750,k1_mh_750,30,3,100003,False,14.41,reach,1,reached_but_no_grasp,True,False,False,False,0.4804,0.0,0.0,0.0,0.4804,0.2195,0.0576,0.7376,,,,0.0,0.0127,False,150,77,,,,,0.8026,0.3094,0.3854,0.2613,1.0,0.0848,0.3017,-0.2381,0.3533,53,0.2135
mh,750,k1_mh_750,30,4,100004,True,100.0,success,4,none_success,True,True,True,True,0.9144,0.25,1.0,0.0,1.0,0.2024,0.0086,0.9576,,,,0.0117,0.0265,False,128,35,93,93,128,,0.6,0.1981,0.3302,0.2599,1.0,0.0692,0.2842,-0.2886,0.3047,33,1.0
mh,750,k1_mh_750,30,5,100005,False,25.13,reach,1,reached_but_no_grasp,True,False,False,False,0.8377,0.0,0.0,0.0,0.8377,0.2096,0.0164,0.9219,,,,0.0,0.0205,False,150,46,,,,,0.7728,0.2769,0.3583,0.2711,1.0,0.0829,0.2954,-0.2351,0.3533,48,0.3723
mh,750,k1_mh_750,30,6,100006,False,12.06,reach,1,reached_but_no_grasp,True,False,False,False,0.4019,0.0,0.0,0.0,0.4019,0.194,0.069,0.6442,,,,0.0,0.0127,False,150,50,,,,,0.8024,0.314,0.3913,0.2614,1.0,0.0781,0.299,-0.2637,0.3667,48,0.1786
mh,750,k1_mh_750,30,7,100007,False,17.34,reach,1,reached_but_no_grasp,True,False,False,False,0.578,0.0,0.0,0.0,0.578,0.2082,0.045,0.7838,,,,0.0,0.0141,False,150,31,,,,,0.8069,0.2513,0.3115,0.2598,1.0,0.0743,0.3068,-0.1283,0.44,52,0.2569
mh,750,k1_mh_750,30,8,100008,False,6.86,none,0,never_reached_cube,False,False,False,False,0.2288,0.0,0.0,0.0,0.2288,0.217,0.1023,0.5285,,,,0.0,0.0127,False,150,,,,,,0.8175,0.2796,0.3421,0.2716,1.0,0.0857,0.3074,-0.4061,0.26,48,0.1017
mh,750,k1_mh_750,30,9,100009,False,22.34,reach,1,reached_but_no_grasp,True,False,False,False,0.7446,0.0,0.0,0.0,0.7446,0.2226,0.0261,0.8827,,,,0.0,0.0175,False,150,67,,,,,0.7956,0.227,0.2852,0.267,1.0,0.0752,0.2814,-0.4768,0.2467,44,0.3309
mh,750,k1_mh_750,30,10,100010,False,18.92,reach,1,reached_but_no_grasp,True,False,False,False,0.6307,0.0,0.0,0.0,0.6307,0.1916,0.0388,0.7977,,,,0.0,0.0355,False,150,51,,,,,0.8464,0.254,0.3001,0.2671,1.0,0.0771,0.2994,-0.0481,0.4733,49,0.2803
mh,750,k1_mh_750,30,11,100011,False,3.9,none,0,never_reached_cube,False,False,False,False,0.1301,0.0,0.0,0.0,0.1301,0.2243,0.1333,0.4059,,,,0.0,0.0127,False,150,,,,,,0.8832,0.2946,0.3336,0.2646,1.0,0.0695,0.291,-0.3928,0.2733,41,0.0578
mh,750,k1_mh_750,30,12,100012,False,10.42,reach,1,reached_but_no_grasp,True,False,False,False,0.3473,0.0,0.0,0.0,0.3473,0.2013,0.078,0.6125,,,,0.0,0.0127,False,150,52,,,,,0.7575,0.3239,0.4275,0.2662,1.0,0.0695,0.3298,-0.2206,0.38,63,0.1544
mh,750,k1_mh_750,30,13,100013,False,14.76,reach,1,reached_but_no_grasp,True,False,False,False,0.492,0.0,0.0,0.0,0.492,0.2152,0.056,0.7398,,,,0.0,0.0127,False,150,58,,,,,0.6937,0.1999,0.2882,0.2618,1.0,0.0752,0.2786,-0.5752,0.14,36,0.2186
mh,750,k1_mh_750,30,14,100014,True,100.0,success,4,none_success,True,True,True,True,0.9173,0.25,1.0,0.0,1.0,0.1895,0.0083,0.9563,,,,0.0099,0.0159,False,104,28,65,65,104,,0.5128,0.1935,0.3774,0.2725,1.0,0.0907,0.2945,-0.1349,0.4135,27,1.0
mh,750,k1_mh_750,30,15,100015,False,17.11,reach,1,reached_but_no_grasp,True,False,False,False,0.5704,0.0,0.0,0.0,0.5704,0.2123,0.0459,0.7836,,,,0.0,0.0127,False,150,63,,,,,0.7297,0.3105,0.4255,0.2632,1.0,0.0695,0.3072,-0.4244,0.26,53,0.2535
mh,750,k1_mh_750,30,16,100016,False,3.73,none,0,never_reached_cube,False,False,False,False,0.1242,0.0,0.0,0.0,0.1242,0.2127,0.1357,0.362,,,,0.0,0.0127,False,150,,,,,,0.7654,0.2955,0.3861,0.2601,1.0,0.079,0.2838,-0.3848,0.2667,55,0.0552
mh,750,k1_mh_750,30,17,100017,False,19.55,reach,1,reached_but_no_grasp,True,False,False,False,0.6517,0.0,0.0,0.0,0.6517,0.2207,0.0363,0.8353,,,,0.0,0.0127,False,150,55,,,,,0.6641,0.2186,0.3291,0.2693,1.0,0.0867,0.2589,-0.6553,0.1333,36,0.2897
mh,750,k1_mh_750,30,18,100018,False,10.37,reach,1,reached_but_no_grasp,True,False,False,False,0.3455,0.0,0.0,0.0,0.3455,0.2151,0.0783,0.636,,,,0.0,0.0166,False,150,97,,,,,0.7581,0.2527,0.3334,0.2736,1.0,0.0857,0.3129,-0.3881,0.2867,51,0.1536
mh,750,k1_mh_750,30,19,100019,False,13.57,reach,1,reached_but_no_grasp,True,False,False,False,0.4523,0.0,0.0,0.0,0.4523,0.1893,0.0615,0.6751,,,,0.0,0.0127,False,150,42,,,,,0.7893,0.216,0.2737,0.2689,1.0,0.08,0.2966,-0.3405,0.3133,54,0.201
mh,750,k1_mh_750,30,20,100020,False,8.91,none,0,never_reached_cube,False,False,False,False,0.2969,0.0,0.0,0.0,0.2969,0.2094,0.0873,0.583,,,,0.0,0.0127,False,150,,,,,,0.813,0.2284,0.281,0.261,1.0,0.0743,0.274,-0.4203,0.2667,42,0.1319
mh,750,k1_mh_750,30,21,100021,False,28.96,reach,1,reached_but_no_grasp,True,False,False,False,0.9653,0.0,0.0,0.0,0.9653,0.199,0.0035,0.9826,,,,0.0,0.0144,False,150,41,,,,,0.8087,0.2687,0.3323,0.2648,1.0,0.0819,0.3017,-0.3607,0.28,53,0.429
mh,750,k1_mh_750,30,22,100022,False,5.47,none,0,never_reached_cube,False,False,False,False,0.1822,0.0,0.0,0.0,0.1822,0.2159,0.115,0.4672,,,,0.0,0.0127,False,150,,,,,,0.8344,0.3355,0.402,0.2698,1.0,0.081,0.3057,-0.3244,0.3133,60,0.081
mh,750,k1_mh_750,30,23,100023,False,13.96,reach,1,reached_but_no_grasp,True,False,False,False,0.4654,0.0,0.0,0.0,0.4654,0.2055,0.0597,0.7097,,,,0.0,0.0257,False,150,44,,,,,0.7526,0.2444,0.3248,0.2722,1.0,0.0867,0.2935,-0.5159,0.2,42,0.2068
mh,750,k1_mh_750,30,24,100024,False,27.71,reach,1,reached_but_no_grasp,True,False,False,False,0.9237,0.0,0.0,0.0,0.9237,0.2258,0.0076,0.9661,,,,0.0,0.0134,False,150,58,,,,,0.8072,0.2073,0.2568,0.276,1.0,0.0867,0.3103,-0.4492,0.28,63,0.4105
mh,750,k1_mh_750,30,25,100025,False,17.09,reach,1,reached_but_no_grasp,True,False,False,False,0.5698,0.0,0.0,0.0,0.5698,0.2069,0.046,0.7776,,,,0.0,0.0127,False,150,44,,,,,0.691,0.1892,0.2738,0.2768,1.0,0.0914,0.28,-0.6891,0.1133,31,0.2532
mh,750,k1_mh_750,30,26,100026,False,20.11,reach,1,reached_but_no_grasp,True,False,False,False,0.6702,0.0,0.0,0.0,0.6702,0.1984,0.0343,0.8274,,,,0.0,0.0127,False,150,48,,,,,0.7909,0.2521,0.3188,0.2687,1.0,0.0876,0.3085,-0.3291,0.3133,56,0.2979
mh,750,k1_mh_750,30,27,100027,False,12.4,reach,1,reached_but_no_grasp,True,False,False,False,0.4133,0.0,0.0,0.0,0.4133,0.2147,0.0673,0.6868,,,,0.0,0.0127,False,150,63,,,,,0.8015,0.346,0.4317,0.2674,1.0,0.0781,0.2992,-0.506,0.2267,53,0.1837
mh,750,k1_mh_750,30,28,100028,True,100.0,success,4,none_success,True,True,True,True,0.9481,0.25,1.0,0.0,1.0,0.2292,0.0052,0.9773,,,,0.0093,0.0836,False,136,54,124,124,136,,0.7264,0.2728,0.3756,0.2667,1.0,0.0767,0.2763,-0.5065,0.2059,35,1.0
mh,750,k1_mh_750,30,29,100029,True,100.0,success,4,none_success,True,True,True,True,0.938,0.25,1.0,0.0,1.0,0.2004,0.0062,0.969,,,,0.0109,0.013,False,113,41,100,100,113,,0.5606,0.1959,0.3495,0.2661,1.0,0.0784,0.2991,-0.426,0.2655,34,1.0
ph,1000,k1_ph_1000,30,0,100000,False,14.51,reach,1,reached_but_no_grasp,True,False,False,False,0.4837,0.0,0.0,0.0,0.4837,0.203,0.0571,0.7186,,,,0.0,0.0127,False,150,27,,,,,0.8443,0.176,0.2085,0.2792,1.0,0.0743,0.3517,-0.1357,0.4,63,0.215
ph,1000,k1_ph_1000,30,1,100001,False,19.2,reach,1,reached_but_no_grasp,True,False,False,False,0.64,0.0,0.0,0.0,0.64,0.1951,0.0377,0.8068,,,,0.0,0.0177,False,150,20,,,,,0.8974,0.2078,0.2316,0.2848,1.0,0.0762,0.3403,0.0741,0.58,60,0.2844
ph,1000,k1_ph_1000,30,2,100002,False,6.62,none,0,never_reached_cube,False,False,False,False,0.2207,0.0,0.0,0.0,0.2207,0.198,0.1044,0.4729,,,,0.0,0.0127,False,150,,,,,,0.8797,0.2379,0.2704,0.2754,1.0,0.0686,0.3285,-0.0491,0.4733,60,0.0981
ph,1000,k1_ph_1000,30,3,100003,False,18.55,reach,1,reached_but_no_grasp,True,False,False,False,0.6182,0.0,0.0,0.0,0.6182,0.2195,0.0402,0.8167,,,,0.0,0.0127,False,150,18,,,,,0.7892,0.1871,0.2371,0.286,1.0,0.0724,0.362,-0.0992,0.4333,76,0.2748
ph,1000,k1_ph_1000,30,4,100004,False,18.73,reach,1,reached_but_no_grasp,True,False,False,False,0.6243,0.0,0.0,0.0,0.6243,0.2024,0.0395,0.8049,,,,0.0,0.0194,False,150,16,,,,,0.7374,0.2161,0.2931,0.2718,1.0,0.061,0.325,-0.2534,0.32,58,0.2775
ph,1000,k1_ph_1000,30,5,100005,False,17.17,reach,1,reached_but_no_grasp,True,False,False,False,0.5724,0.0,0.0,0.0,0.5724,0.2096,0.0457,0.782,,,,0.0,0.0127,False,150,27,,,,,0.8447,0.2547,0.3015,0.2784,1.0,0.0714,0.3429,0.0167,0.5133,57,0.2544
ph,1000,k1_ph_1000,30,6,100006,True,100.0,success,4,none_success,True,True,True,True,0.8517,0.25,1.0,0.0,1.0,0.194,0.0149,0.923,,,,0.0136,0.0201,False,36,12,32,32,36,,0.2991,0.1788,0.5978,0.3174,1.0,0.0754,0.2957,-0.2252,0.3889,13,1.0
ph,1000,k1_ph_1000,30,7,100007,False,12.06,reach,1,reached_but_no_grasp,True,False,False,False,0.4019,0.0,0.0,0.0,0.4019,0.2082,0.069,0.6685,,,,0.0,0.0127,False,150,32,,,,,0.9449,0.23,0.2434,0.2779,1.0,0.0667,0.3278,-0.0512,0.4733,63,0.1786
ph,1000,k1_ph_1000,30,8,100008,False,16.82,reach,1,reached_but_no_grasp,True,False,False,False,0.5606,0.0,0.0,0.0,0.5606,0.217,0.0471,0.7828,,,,0.0,0.0127,False,150,24,,,,,0.7479,0.2135,0.2855,0.2727,1.0,0.0705,0.3165,-0.2589,0.36,56,0.2492
ph,1000,k1_ph_1000,30,9,100009,False,20.89,reach,1,reached_but_no_grasp,True,False,False,False,0.6964,0.0,0.0,0.0,0.6964,0.2226,0.0313,0.8592,,,,0.0,0.0177,False,150,26,,,,,0.9341,0.2287,0.2449,0.2818,1.0,0.0743,0.3342,-0.1601,0.42,68,0.3095
ph,1000,k1_ph_1000,30,10,100010,False,21.56,reach,1,reached_but_no_grasp,True,False,False,False,0.7186,0.0,0.0,0.0,0.7186,0.1916,0.0289,0.8491,,,,0.0,0.0257,False,150,15,,,,,0.7561,0.1531,0.2025,0.2678,1.0,0.059,0.324,-0.0857,0.42,57,0.3194
ph,1000,k1_ph_1000,30,11,100011,False,19.98,reach,1,reached_but_no_grasp,True,False,False,False,0.666,0.0,0.0,0.0,0.666,0.2243,0.0347,0.8451,,,,0.0,0.0131,False,150,22,,,,,0.7833,0.1756,0.2242,0.2728,1.0,0.0629,0.3171,-0.3137,0.3067,59,0.296
ph,1000,k1_ph_1000,30,12,100012,False,24.79,reach,1,reached_but_no_grasp,True,False,False,False,0.8262,0.0,0.0,0.0,0.8262,0.2013,0.0176,0.9128,,,,0.0,0.0134,False,150,17,,,,,0.8981,0.2413,0.2687,0.2892,1.0,0.0743,0.3524,-0.0283,0.4933,69,0.3672
ph,1000,k1_ph_1000,30,13,100013,False,73.92,lift,3,lifted_but_below_threshold,True,True,True,False,0.7894,0.25,0.3479,0.0,0.7894,0.2152,0.0214,0.9007,,,,0.0,0.0168,False,150,28,83,83,,,0.8249,0.1928,0.2338,0.2763,1.0,0.0667,0.3286,-0.1343,0.4067,59,0.421
ph,1000,k1_ph_1000,30,14,100014,False,22.87,reach,1,reached_but_no_grasp,True,False,False,False,0.7622,0.0,0.0,0.0,0.7622,0.1895,0.0242,0.8721,,,,0.0,0.0127,False,150,23,,,,,0.7583,0.1877,0.2475,0.2746,1.0,0.0743,0.3288,-0.2406,0.3667,68,0.3388
ph,1000,k1_ph_1000,30,15,100015,False,25.34,reach,1,reached_but_no_grasp,True,False,False,False,0.8448,0.0,0.0,0.0,0.8448,0.2123,0.0156,0.9263,,,,0.0,0.0276,False,150,17,,,,,0.8415,0.2063,0.2452,0.2847,1.0,0.0733,0.3462,-0.0803,0.46,67,0.3755
ph,1000,k1_ph_1000,30,16,100016,False,17.96,reach,1,reached_but_no_grasp,True,False,False,False,0.5988,0.0,0.0,0.0,0.5988,0.2127,0.0425,0.8002,,,,0.0,0.0442,False,150,26,,,,,0.8783,0.2596,0.2956,0.2829,1.0,0.0686,0.3461,0.0474,0.5267,59,0.2661
ph,1000,k1_ph_1000,30,17,100017,False,84.35,lift,3,lifted_but_below_threshold,True,True,True,False,0.74,0.25,0.6088,0.0,0.74,0.2207,0.0266,0.8794,,,,0.0015,0.0663,False,150,18,109,109,,,0.8266,0.2386,0.2887,0.2777,1.0,0.0686,0.3199,-0.0383,0.4667,65,0.44
ph,1000,k1_ph_1000,30,18,100018,False,10.85,reach,1,reached_but_no_grasp,True,False,False,False,0.3617,0.0,0.0,0.0,0.3617,0.2151,0.0755,0.6489,,,,0.0,0.0127,False,150,28,,,,,0.9242,0.3477,0.3762,0.2805,1.0,0.0667,0.3307,0.2344,0.64,56,0.1607
ph,1000,k1_ph_1000,30,19,100019,False,18.04,reach,1,reached_but_no_grasp,True,False,False,False,0.6012,0.0,0.0,0.0,0.6012,0.1893,0.0422,0.777,,,,0.0,0.0376,False,150,24,,,,,0.9081,0.2796,0.3079,0.2767,1.0,0.0686,0.3278,-0.015,0.4733,61,0.2672
ph,1000,k1_ph_1000,30,20,100020,False,15.9,reach,1,reached_but_no_grasp,True,False,False,False,0.53,0.0,0.0,0.0,0.53,0.2094,0.051,0.7565,,,,0.0,0.0127,False,150,24,,,,,0.8569,0.1772,0.2068,0.2701,1.0,0.061,0.3221,-0.1226,0.4133,64,0.2356
ph,1000,k1_ph_1000,30,21,100021,False,78.84,lift,3,lifted_but_below_threshold,True,True,True,False,0.692,0.25,0.471,0.0,0.692,0.199,0.0318,0.84,,,,0.0,0.047,False,150,20,54,54,,,0.827,0.1951,0.2359,0.2848,1.0,0.0724,0.3415,-0.0239,0.48,67,0.4186
ph,1000,k1_ph_1000,30,22,100022,False,15.37,reach,1,reached_but_no_grasp,True,False,False,False,0.5124,0.0,0.0,0.0,0.5124,0.2159,0.0533,0.7532,,,,0.0,0.0127,False,150,16,,,,,0.6438,0.2636,0.4094,0.2769,1.0,0.0619,0.314,-0.3575,0.2733,56,0.2278
ph,1000,k1_ph_1000,30,23,100023,False,20.11,reach,1,reached_but_no_grasp,True,False,False,False,0.6705,0.0,0.0,0.0,0.6705,0.2055,0.0342,0.8334,,,,0.0,0.0132,False,150,25,,,,,0.826,0.2147,0.26,0.2798,1.0,0.0695,0.3309,0.0908,0.5667,58,0.298
ph,1000,k1_ph_1000,30,24,100024,False,19.87,reach,1,reached_but_no_grasp,True,False,False,False,0.6623,0.0,0.0,0.0,0.6623,0.2258,0.0352,0.8443,,,,0.0,0.0131,False,150,29,,,,,0.865,0.2998,0.3466,0.2796,1.0,0.0781,0.3365,0.1141,0.5467,59,0.2943
ph,1000,k1_ph_1000,30,25,100025,False,15.71,reach,1,reached_but_no_grasp,True,False,False,False,0.5236,0.0,0.0,0.0,0.5236,0.2069,0.0518,0.7495,,,,0.0,0.0127,False,150,26,,,,,0.7294,0.2649,0.3631,0.2744,1.0,0.0695,0.3126,-0.2664,0.34,63,0.2327
ph,1000,k1_ph_1000,30,26,100026,True,100.0,success,4,none_success,True,True,True,True,0.9737,0.25,1.0,0.0,1.0,0.1984,0.0026,0.9867,,,,0.0154,0.0175,False,113,16,110,110,113,,0.7031,0.193,0.2745,0.2811,1.0,0.0645,0.3275,-0.0183,0.4867,43,1.0
ph,1000,k1_ph_1000,30,27,100027,False,23.07,reach,1,reached_but_no_grasp,True,False,False,False,0.7689,0.0,0.0,0.0,0.7689,0.2147,0.0235,0.8904,,,,0.0,0.0174,False,150,17,,,,,0.894,0.2149,0.2404,0.2813,1.0,0.0562,0.3273,-0.2331,0.3533,61,0.3417
ph,1000,k1_ph_1000,30,28,100028,False,16.25,reach,1,reached_but_no_grasp,True,False,False,False,0.5418,0.0,0.0,0.0,0.5418,0.2292,0.0495,0.784,,,,0.0,0.0161,False,150,18,,,,,0.8384,0.3018,0.36,0.2782,1.0,0.0619,0.3335,-0.1886,0.3933,63,0.2408
ph,1000,k1_ph_1000,30,29,100029,False,11.8,reach,1,reached_but_no_grasp,True,False,False,False,0.3933,0.0,0.0,0.0,0.3933,0.2004,0.0704,0.649,,,,0.0,0.0127,False,150,26,,,,,0.8215,0.2232,0.2717,0.2781,1.0,0.0724,0.3435,-0.0861,0.4533,69,0.1748
ph,250,k1_ph_250,30,0,100000,False,5.57,none,0,never_reached_cube,False,False,False,False,0.1855,0.0,0.0,0.0,0.1855,0.203,0.114,0.4383,,,,0.0,0.0127,False,150,,,,,,0.9364,0.4082,0.4359,0.2852,1.0,0.0714,0.3425,-0.2349,0.38,76,0.0825
ph,250,k1_ph_250,30,1,100001,False,5.36,none,0,never_reached_cube,False,False,False,False,0.1788,0.0,0.0,0.0,0.1788,0.1951,0.1161,0.4051,,,,0.0,0.0127,False,150,,,,,,0.9849,0.3722,0.378,0.2917,1.0,0.0676,0.3354,-0.4161,0.2733,66,0.0795
ph,250,k1_ph_250,30,2,100002,False,17.35,reach,1,reached_but_no_grasp,True,False,False,False,0.5783,0.0,0.0,0.0,0.5783,0.198,0.045,0.7728,,,,0.0,0.0127,False,150,20,,,,,0.878,0.3557,0.4051,0.2791,1.0,0.0648,0.3539,-0.328,0.32,62,0.257
ph,250,k1_ph_250,30,3,100003,False,15.27,reach,1,reached_but_no_grasp,True,False,False,False,0.509,0.0,0.0,0.0,0.509,0.2195,0.0537,0.7551,,,,0.0,0.0127,False,150,23,,,,,0.9083,0.3854,0.4243,0.2869,1.0,0.0705,0.3455,-0.3506,0.28,59,0.2262
ph,250,k1_ph_250,30,4,100004,False,24.33,reach,1,reached_but_no_grasp,True,False,False,False,0.8111,0.0,0.0,0.0,0.8111,0.2024,0.0191,0.9056,,,,0.0,0.0127,False,150,25,,,,,0.8914,0.3543,0.3975,0.2832,1.0,0.0657,0.3263,-0.385,0.24,51,0.3605
ph,250,k1_ph_250,30,5,100005,False,9.31,reach,1,reached_but_no_grasp,True,False,False,False,0.3103,0.0,0.0,0.0,0.3103,0.2096,0.0847,0.5957,,,,0.0,0.0127,False,150,32,,,,,0.8177,0.3809,0.4659,0.2835,1.0,0.06,0.3693,-0.2788,0.3267,74,0.1379
ph,250,k1_ph_250,30,6,100006,False,10.83,reach,1,reached_but_no_grasp,True,False,False,False,0.361,0.0,0.0,0.0,0.361,0.194,0.0756,0.61,,,,0.0,0.0127,False,150,27,,,,,0.8789,0.4106,0.4672,0.2839,1.0,0.0695,0.3455,-0.3891,0.2533,64,0.1604
ph,250,k1_ph_250,30,7,100007,False,2.77,none,0,never_reached_cube,False,False,False,False,0.0924,0.0,0.0,0.0,0.0924,0.2082,0.1514,0.2728,,,,0.0,0.0127,False,150,,,,,,0.9049,0.3873,0.428,0.2823,1.0,0.0648,0.3481,-0.346,0.26,63,0.041
ph,250,k1_ph_250,30,8,100008,False,25.4,reach,1,reached_but_no_grasp,True,False,False,False,0.8467,0.0,0.0,0.0,0.8467,0.217,0.0155,0.9288,,,,0.0,0.0181,False,150,21,,,,,0.8238,0.3758,0.4561,0.2876,1.0,0.0638,0.3507,-0.3787,0.3067,72,0.3763
ph,250,k1_ph_250,30,9,100009,False,16.55,reach,1,reached_but_no_grasp,True,False,False,False,0.5517,0.0,0.0,0.0,0.5517,0.2226,0.0483,0.7832,,,,0.0,0.047,False,150,23,,,,,0.8242,0.3931,0.477,0.292,1.0,0.0762,0.3333,-0.4195,0.2667,59,0.2452
ph,250,k1_ph_250,30,10,100010,False,6.7,none,0,never_reached_cube,False,False,False,False,0.2233,0.0,0.0,0.0,0.2233,0.1916,0.1037,0.4587,,,,0.0,0.0127,False,150,,,,,,0.932,0.3842,0.4122,0.2885,1.0,0.0714,0.3633,-0.3115,0.3467,82,0.0992
ph,250,k1_ph_250,30,11,100011,False,17.08,reach,1,reached_but_no_grasp,True,False,False,False,0.5693,0.0,0.0,0.0,0.5693,0.2243,0.0461,0.7946,,,,0.0,0.0512,False,150,27,,,,,0.8473,0.4191,0.4946,0.2752,1.0,0.0562,0.3333,-0.2273,0.4,65,0.253
ph,250,k1_ph_250,30,12,100012,False,11.3,reach,1,reached_but_no_grasp,True,False,False,False,0.3766,0.0,0.0,0.0,0.3766,0.2013,0.0731,0.6371,,,,0.0,0.0127,False,150,21,,,,,0.8695,0.3911,0.4498,0.2923,1.0,0.0724,0.3601,-0.4316,0.2333,56,0.1674
ph,250,k1_ph_250,30,13,100013,True,100.0,success,4,none_success,True,True,True,True,0.9779,0.25,1.0,0.0,1.0,0.2152,0.0022,0.9897,,,,0.0116,0.0242,False,64,23,45,45,64,,0.3666,0.2314,0.6313,0.2903,1.0,0.0714,0.3377,-0.3036,0.3281,21,1.0
ph,250,k1_ph_250,30,14,100014,False,23.47,reach,1,reached_but_no_grasp,True,False,False,False,0.7824,0.0,0.0,0.0,0.7824,0.1895,0.0221,0.8833,,,,0.0,0.0127,False,150,19,,,,,0.8319,0.3745,0.4501,0.284,1.0,0.0638,0.3595,-0.2961,0.2867,59,0.3477
ph,250,k1_ph_250,30,15,100015,False,24.07,reach,1,reached_but_no_grasp,True,False,False,False,0.8024,0.0,0.0,0.0,0.8024,0.2123,0.02,0.9057,,,,0.0,0.0672,False,150,15,,,,,0.898,0.266,0.2962,0.289,1.0,0.0657,0.3362,-0.3998,0.2533,59,0.3566
ph,250,k1_ph_250,30,16,100016,False,3.3,none,0,never_reached_cube,False,False,False,False,0.1102,0.0,0.0,0.0,0.1102,0.2127,0.1421,0.332,,,,0.0,0.0127,False,150,,,,,,0.9372,0.3339,0.3563,0.2867,1.0,0.0714,0.359,-0.3314,0.3067,72,0.049
ph,250,k1_ph_250,30,17,100017,False,21.46,reach,1,reached_but_no_grasp,True,False,False,False,0.7155,0.0,0.0,0.0,0.7155,0.2207,0.0293,0.8674,,,,0.0,0.0127,False,150,24,,,,,0.9074,0.3738,0.412,0.2882,1.0,0.061,0.3328,-0.4056,0.2533,50,0.318
ph,250,k1_ph_250,30,18,100018,False,7.73,none,0,never_reached_cube,False,False,False,False,0.2578,0.0,0.0,0.0,0.2578,0.2151,0.0955,0.5559,,,,0.0,0.0127,False,150,,,,,,0.8793,0.3598,0.4091,0.2866,1.0,0.061,0.3421,-0.3026,0.3333,62,0.1146
ph,250,k1_ph_250,30,19,100019,False,12.69,reach,1,reached_but_no_grasp,True,False,False,False,0.423,0.0,0.0,0.0,0.423,0.1893,0.0658,0.6524,,,,0.0,0.0127,False,150,16,,,,,0.8863,0.3614,0.4078,0.2946,1.0,0.0695,0.3493,-0.3265,0.3067,69,0.188
ph,250,k1_ph_250,30,20,100020,False,4.39,none,0,never_reached_cube,False,False,False,False,0.1462,0.0,0.0,0.0,0.1462,0.2094,0.127,0.3936,,,,0.0,0.0127,False,150,,,,,,0.8792,0.3363,0.3825,0.2782,1.0,0.0619,0.3628,-0.3002,0.3333,71,0.065
ph,250,k1_ph_250,30,21,100021,False,21.62,reach,1,reached_but_no_grasp,True,False,False,False,0.7207,0.0,0.0,0.0,0.7207,0.199,0.0287,0.8558,,,,0.0,0.0345,False,150,17,,,,,0.791,0.3434,0.4342,0.2767,1.0,0.0629,0.3361,-0.3375,0.3133,71,0.3203
ph,250,k1_ph_250,30,22,100022,False,15.72,reach,1,reached_but_no_grasp,True,False,False,False,0.524,0.0,0.0,0.0,0.524,0.2159,0.0518,0.7601,,,,0.0015,0.0568,False,150,16,,,,,1.0013,0.4128,0.4123,0.2987,1.0,0.0667,0.3457,-0.3265,0.2867,55,0.2329
ph,250,k1_ph_250,30,23,100023,False,14.23,reach,1,reached_but_no_grasp,True,False,False,False,0.4743,0.0,0.0,0.0,0.4743,0.2055,0.0584,0.7157,,,,0.0,0.0127,False,150,31,,,,,0.8284,0.3553,0.4289,0.2863,1.0,0.0667,0.3431,-0.3884,0.2667,60,0.2108
ph,250,k1_ph_250,30,24,100024,False,23.79,reach,1,reached_but_no_grasp,True,False,False,False,0.793,0.0,0.0,0.0,0.793,0.2258,0.021,0.907,,,,0.0,0.0482,False,150,22,,,,,0.8856,0.4061,0.4586,0.2884,1.0,0.0686,0.3594,-0.3732,0.28,66,0.3524
ph,250,k1_ph_250,30,25,100025,False,9.7,reach,1,reached_but_no_grasp,True,False,False,False,0.3234,0.0,0.0,0.0,0.3234,0.2069,0.0823,0.6023,,,,0.0,0.0127,False,150,33,,,,,0.8264,0.3329,0.4028,0.278,1.0,0.059,0.3349,-0.3193,0.3067,58,0.1437
ph,250,k1_ph_250,30,26,100026,False,23.41,reach,1,reached_but_no_grasp,True,False,False,False,0.7803,0.0,0.0,0.0,0.7803,0.1984,0.0223,0.8874,,,,0.0,0.0127,False,150,30,,,,,0.8481,0.3183,0.3753,0.2815,1.0,0.0657,0.3452,-0.3686,0.2733,58,0.3468
ph,250,k1_ph_250,30,27,100027,False,12.67,reach,1,reached_but_no_grasp,True,False,False,False,0.4223,0.0,0.0,0.0,0.4223,0.2147,0.0659,0.6931,,,,0.0,0.0127,False,150,23,,,,,0.9272,0.3668,0.3956,0.2866,1.0,0.0676,0.3455,-0.3218,0.3133,73,0.1877
ph,250,k1_ph_250,30,28,100028,False,26.39,reach,1,reached_but_no_grasp,True,False,False,False,0.8798,0.0,0.0,0.0,0.8798,0.2292,0.0121,0.9473,,,,0.0034,0.0428,False,150,19,,,,,0.8749,0.377,0.4309,0.2932,1.0,0.0695,0.3433,-0.3539,0.3067,64,0.391
ph,250,k1_ph_250,30,29,100029,False,5.39,none,0,never_reached_cube,False,False,False,False,0.1796,0.0,0.0,0.0,0.1796,0.2004,0.1158,0.4223,,,,0.0,0.0127,False,150,,,,,,0.97,0.3952,0.4074,0.2936,1.0,0.0762,0.3256,-0.4075,0.24,52,0.0798
ph,500,k1_ph_500,30,0,100000,False,13.01,reach,1,reached_but_no_grasp,True,False,False,False,0.4337,0.0,0.0,0.0,0.4337,0.203,0.0642,0.6837,,,,0.0,0.0127,False,150,24,,,,,0.8807,0.1858,0.2109,0.2737,1.0,0.0705,0.3411,-0.1888,0.38,61,0.1928
ph,500,k1_ph_500,30,1,100001,False,19.91,reach,1,reached_but_no_grasp,True,False,False,False,0.6637,0.0,0.0,0.0,0.6637,0.1951,0.035,0.8206,,,,0.0,0.0127,False,150,33,,,,,0.8581,0.1901,0.2215,0.2882,1.0,0.0762,0.3541,0.0385,0.5333,68,0.295
ph,500,k1_ph_500,30,2,100002,False,14.27,reach,1,reached_but_no_grasp,True,False,False,False,0.4757,0.0,0.0,0.0,0.4757,0.198,0.0582,0.7059,,,,0.0,0.0127,False,150,41,,,,,0.8053,0.223,0.2769,0.2793,1.0,0.0714,0.3478,0.0255,0.52,74,0.2114
ph,500,k1_ph_500,30,3,100003,False,88.8,lift,3,lifted_but_below_threshold,True,True,True,False,0.9504,0.25,0.72,0.0,0.9504,0.2195,0.005,0.9774,,,,0.0,0.0528,False,150,21,46,46,,,0.8852,0.287,0.3242,0.292,1.0,0.0695,0.35,-0.0468,0.4667,65,0.5175
ph,500,k1_ph_500,30,4,100004,True,100.0,success,4,none_success,True,True,True,True,0.9554,0.25,1.0,0.0,1.0,0.2024,0.0045,0.9779,,,,0.0116,0.0195,False,113,30,100,100,113,,0.6279,0.2028,0.3229,0.2864,1.0,0.0683,0.3314,-0.2382,0.3628,45,1.0
ph,500,k1_ph_500,30,5,100005,True,100.0,success,4,none_success,True,True,True,True,0.8793,0.25,1.0,0.0,1.0,0.2096,0.0121,0.9421,,,,0.012,0.0454,False,116,24,111,111,116,,0.6465,0.205,0.3171,0.2773,1.0,0.0628,0.3386,-0.2616,0.3707,52,1.0
ph,500,k1_ph_500,30,6,100006,False,26.95,reach,1,reached_but_no_grasp,True,False,False,False,0.8983,0.0,0.0,0.0,0.8983,0.194,0.0102,0.9474,,,,0.0,0.0327,False,150,21,,,,,0.8227,0.2097,0.2549,0.2776,1.0,0.0571,0.3432,-0.1276,0.4267,68,0.3993
ph,500,k1_ph_500,30,7,100007,False,15.97,reach,1,reached_but_no_grasp,True,False,False,False,0.5322,0.0,0.0,0.0,0.5322,0.2082,0.0507,0.7564,,,,0.0,0.0127,False,150,41,,,,,0.8959,0.261,0.2913,0.2901,1.0,0.0667,0.3454,-0.1015,0.4867,64,0.2365
ph,500,k1_ph_500,30,8,100008,False,18.99,reach,1,reached_but_no_grasp,True,False,False,False,0.6329,0.0,0.0,0.0,0.6329,0.217,0.0385,0.8226,,,,0.0,0.0191,False,150,28,,,,,0.7946,0.2061,0.2594,0.2829,1.0,0.0771,0.3526,-0.1775,0.38,71,0.2813
ph,500,k1_ph_500,30,9,100009,False,24.01,reach,1,reached_but_no_grasp,True,False,False,False,0.8004,0.0,0.0,0.0,0.8004,0.2226,0.0202,0.9091,,,,0.0,0.0127,False,150,29,,,,,0.9672,0.2365,0.2445,0.2894,1.0,0.0743,0.3347,0.003,0.52,57,0.3557
ph,500,k1_ph_500,30,10,100010,False,78.97,lift,3,lifted_but_below_threshold,True,True,True,False,0.8211,0.25,0.4741,0.0,0.8211,0.1916,0.0181,0.9056,,,,0.0,0.0257,False,150,21,117,117,,,0.8518,0.1599,0.1877,0.2835,1.0,0.0686,0.3392,-0.1009,0.4667,62,0.4611
ph,500,k1_ph_500,30,11,100011,True,100.0,success,4,none_success,True,True,True,True,0.9274,0.25,1.0,0.0,1.0,0.2243,0.0073,0.9676,,,,0.0119,0.0421,False,67,33,54,54,67,,0.3916,0.2313,0.5907,0.2947,1.0,0.0661,0.3157,-0.3462,0.3284,25,1.0
ph,500,k1_ph_500,30,12,100012,False,18.56,reach,1,reached_but_no_grasp,True,False,False,False,0.6186,0.0,0.0,0.0,0.6186,0.2013,0.0402,0.8004,,,,0.0,0.0148,False,150,23,,,,,0.8108,0.1834,0.2262,0.271,1.0,0.0619,0.3377,-0.0576,0.48,65,0.2749
ph,500,k1_ph_500,30,13,100013,False,9.8,reach,1,reached_but_no_grasp,True,False,False,False,0.3268,0.0,0.0,0.0,0.3268,0.2152,0.0817,0.6206,,,,0.0,0.0127,False,150,36,,,,,0.8963,0.3559,0.3971,0.2812,1.0,0.0686,0.3417,-0.1052,0.44,64,0.1452
ph,500,k1_ph_500,30,14,100014,False,22.69,reach,1,reached_but_no_grasp,True,False,False,False,0.7563,0.0,0.0,0.0,0.7563,0.1895,0.0249,0.8688,,,,0.0,0.0456,False,150,13,,,,,0.7812,0.2006,0.2567,0.2731,1.0,0.0581,0.3193,-0.2851,0.3267,54,0.3361
ph,500,k1_ph_500,30,15,100015,True,100.0,success,4,none_success,True,True,True,True,0.9058,0.25,1.0,0.0,1.0,0.2123,0.0095,0.9555,,,,0.0127,0.0184,False,47,22,43,43,47,,0.3262,0.2109,0.6467,0.2912,1.0,0.0699,0.3243,-0.2015,0.383,19,1.0
ph,500,k1_ph_500,30,16,100016,False,9.36,reach,1,reached_but_no_grasp,True,False,False,False,0.3122,0.0,0.0,0.0,0.3122,0.2127,0.0844,0.6033,,,,0.0,0.0127,False,150,145,,,,,0.7156,0.2164,0.3025,0.2806,1.0,0.0657,0.3327,-0.1845,0.4333,67,0.1387
ph,500,k1_ph_500,30,17,100017,False,15.17,reach,1,reached_but_no_grasp,True,False,False,False,0.5056,0.0,0.0,0.0,0.5056,0.2207,0.0542,0.7544,,,,0.0,0.0127,False,150,42,,,,,0.9423,0.3412,0.3621,0.2864,1.0,0.061,0.3312,0.0517,0.52,61,0.2247
ph,500,k1_ph_500,30,18,100018,False,16.24,reach,1,reached_but_no_grasp,True,False,False,False,0.5412,0.0,0.0,0.0,0.5412,0.2151,0.0496,0.7696,,,,0.0,0.0214,False,150,55,,,,,0.8696,0.2518,0.2896,0.272,1.0,0.0638,0.3322,-0.1769,0.4133,66,0.2405
ph,500,k1_ph_500,30,19,100019,False,14.83,reach,1,reached_but_no_grasp,True,False,False,False,0.4945,0.0,0.0,0.0,0.4945,0.1893,0.0557,0.7059,,,,0.0,0.0127,False,150,21,,,,,0.8444,0.1987,0.2353,0.2724,1.0,0.0657,0.3457,-0.0203,0.4667,61,0.2198
ph,500,k1_ph_500,30,20,100020,False,9.75,reach,1,reached_but_no_grasp,True,False,False,False,0.325,0.0,0.0,0.0,0.325,0.2094,0.082,0.6085,,,,0.0,0.0127,False,150,80,,,,,0.8301,0.1966,0.2369,0.2766,1.0,0.0724,0.3292,0.0185,0.54,56,0.1444
ph,500,k1_ph_500,30,21,100021,False,20.95,reach,1,reached_but_no_grasp,True,False,False,False,0.6985,0.0,0.0,0.0,0.6985,0.199,0.0311,0.8436,,,,0.0,0.0159,False,150,20,,,,,0.8328,0.2816,0.3381,0.2827,1.0,0.061,0.3416,-0.1698,0.42,70,0.3104
ph,500,k1_ph_500,30,22,100022,True,100.0,success,4,none_success,True,True,True,True,0.9407,0.25,1.0,0.0,1.0,0.2159,0.0059,0.9725,,,,0.0094,0.0153,False,58,18,39,39,58,,0.3534,0.2232,0.6316,0.2714,1.0,0.0714,0.2981,-0.1506,0.5,17,1.0
ph,500,k1_ph_500,30,23,100023,False,18.61,reach,1,reached_but_no_grasp,True,False,False,False,0.6202,0.0,0.0,0.0,0.6202,0.2055,0.04,0.8054,,,,0.0,0.0127,False,150,28,,,,,0.8864,0.2804,0.3164,0.2839,1.0,0.0676,0.3413,-0.0769,0.44,70,0.2756
ph,500,k1_ph_500,30,24,100024,False,19.77,reach,1,reached_but_no_grasp,True,False,False,False,0.659,0.0,0.0,0.0,0.659,0.2258,0.0355,0.8427,,,,0.0,0.0252,False,150,19,,,,,0.7606,0.2019,0.2654,0.2684,1.0,0.0533,0.3328,-0.2029,0.4133,74,0.2929
ph,500,k1_ph_500,30,25,100025,True,100.0,success,4,none_success,True,True,True,True,0.8453,0.25,1.0,0.0,1.0,0.2069,0.0156,0.9247,,,,0.0124,0.0244,False,116,21,106,106,116,,0.6472,0.1939,0.2996,0.2817,1.0,0.0714,0.3269,-0.2355,0.3879,54,1.0
ph,500,k1_ph_500,30,26,100026,True,100.0,success,4,none_success,True,True,True,True,0.9223,0.25,1.0,0.0,1.0,0.1984,0.0078,0.9608,,,,0.0112,0.0147,False,55,21,50,50,55,,0.3682,0.1919,0.5213,0.3048,1.0,0.0831,0.3402,-0.2914,0.3818,22,1.0
ph,500,k1_ph_500,30,27,100027,False,79.11,lift,3,lifted_but_below_threshold,True,True,True,False,0.9789,0.25,0.4779,0.0,0.9789,0.2147,0.0021,0.9902,,,,0.0,0.014,False,150,41,59,59,,,0.8317,0.2471,0.2972,0.267,1.0,0.0638,0.3244,0.0052,0.4933,62,0.4811
ph,500,k1_ph_500,30,28,100028,False,6.98,none,0,never_reached_cube,False,False,False,False,0.2328,0.0,0.0,0.0,0.2328,0.2292,0.1014,0.5578,,,,0.0,0.0127,False,150,,,,,,0.7627,0.3132,0.4107,0.2897,1.0,0.0619,0.3364,-0.3714,0.2733,58,0.1035
ph,500,k1_ph_500,30,29,100029,False,21.29,reach,1,reached_but_no_grasp,True,False,False,False,0.7095,0.0,0.0,0.0,0.7095,0.2004,0.0299,0.8508,,,,0.0,0.0127,False,150,30,,,,,0.8573,0.183,0.2134,0.2771,1.0,0.0619,0.3494,0.0028,0.4933,71,0.3154
ph,750,k1_ph_750,30,0,100000,False,5.5,none,0,never_reached_cube,False,False,False,False,0.1835,0.0,0.0,0.0,0.1835,0.203,0.1146,0.4352,,,,0.0,0.0127,False,150,,,,,,0.8506,0.2048,0.2407,0.2834,1.0,0.0705,0.3274,-0.0473,0.48,59,0.0815
ph,750,k1_ph_750,30,1,100001,False,80.8,lift,3,lifted_but_below_threshold,True,True,True,False,0.6997,0.25,0.5201,0.0,0.6997,0.1951,0.031,0.8412,,,,0.0,0.057,False,150,23,61,61,,,0.8434,0.2512,0.2979,0.2702,1.0,0.059,0.3135,0.0526,0.5533,59,0.4161
ph,750,k1_ph_750,30,2,100002,False,20.89,reach,1,reached_but_no_grasp,True,False,False,False,0.6962,0.0,0.0,0.0,0.6962,0.198,0.0314,0.8415,,,,0.0,0.019,False,150,20,,,,,0.7634,0.2061,0.27,0.2781,1.0,0.0657,0.3544,-0.2447,0.3267,70,0.3094
ph,750,k1_ph_750,30,3,100003,False,76.67,lift,3,lifted_but_below_threshold,True,True,True,False,0.7047,0.25,0.4169,0.0,0.7047,0.2195,0.0304,0.8613,,,,0.0,0.046,False,150,24,140,140,,,0.8345,0.2,0.2396,0.2727,1.0,0.0657,0.331,0.0243,0.5133,74,0.4243
ph,750,k1_ph_750,30,4,100004,True,100.0,success,4,none_success,True,True,True,True,0.8133,0.25,1.0,0.0,1.0,0.2024,0.0189,0.9067,,,,0.0103,0.0197,False,92,21,72,72,92,,0.5604,0.1962,0.3501,0.2881,1.0,0.0776,0.2946,-0.3472,0.337,31,1.0
ph,750,k1_ph_750,30,5,100005,False,24.58,reach,1,reached_but_no_grasp,True,False,False,False,0.8195,0.0,0.0,0.0,0.8195,0.2096,0.0183,0.9129,,,,0.0,0.0191,False,150,26,,,,,0.7956,0.2157,0.2712,0.2767,1.0,0.06,0.3644,-0.0613,0.4867,63,0.3642
ph,750,k1_ph_750,30,6,100006,False,20.7,reach,1,reached_but_no_grasp,True,False,False,False,0.6902,0.0,0.0,0.0,0.6902,0.194,0.032,0.8348,,,,0.0,0.0267,False,150,15,,,,,0.836,0.2042,0.2443,0.2729,1.0,0.0657,0.3303,-0.0212,0.5067,67,0.3067
ph,750,k1_ph_750,30,7,100007,False,76.93,lift,3,lifted_but_below_threshold,True,True,True,False,0.6739,0.25,0.4232,0.0,0.6739,0.2082,0.0338,0.8374,,,,0.0,0.0176,False,150,26,58,58,,,0.8606,0.233,0.2708,0.2725,1.0,0.0619,0.3277,0.0373,0.48,65,0.4106
ph,750,k1_ph_750,30,8,100008,False,85.91,lift,3,lifted_but_below_threshold,True,True,True,False,0.74,0.25,0.6478,0.0,0.74,0.217,0.0266,0.8774,,,,0.0,0.0462,False,150,21,44,44,,,0.7172,0.2223,0.31,0.276,1.0,0.0629,0.3467,-0.0532,0.4467,74,0.44
ph,750,k1_ph_750,30,9,100009,False,19.61,reach,1,reached_but_no_grasp,True,False,False,False,0.6536,0.0,0.0,0.0,0.6536,0.2226,0.0361,0.8376,,,,0.0,0.0177,False,150,26,,,,,0.8434,0.2717,0.3222,0.2767,1.0,0.0657,0.3445,0.019,0.4667,66,0.2905
ph,750,k1_ph_750,30,10,100010,False,20.16,reach,1,reached_but_no_grasp,True,False,False,False,0.6719,0.0,0.0,0.0,0.6719,0.1916,0.0341,0.8222,,,,0.0,0.0145,False,150,27,,,,,0.7702,0.2055,0.2668,0.2615,1.0,0.059,0.3434,0.0154,0.52,67,0.2986
ph,750,k1_ph_750,30,11,100011,False,24.46,reach,1,reached_but_no_grasp,True,False,False,False,0.8154,0.0,0.0,0.0,0.8154,0.2243,0.0187,0.9168,,,,0.0,0.0565,False,150,17,,,,,0.8051,0.2398,0.2979,0.2827,1.0,0.0638,0.3527,-0.0408,0.48,60,0.3624
ph,750,k1_ph_750,30,12,100012,False,19.53,reach,1,reached_but_no_grasp,True,False,False,False,0.651,0.0,0.0,0.0,0.651,0.2013,0.0364,0.819,,,,0.0,0.0133,False,150,25,,,,,0.8804,0.2853,0.3241,0.2909,1.0,0.0752,0.361,0.0119,0.5067,70,0.2894
ph,750,k1_ph_750,30,13,100013,False,18.76,reach,1,reached_but_no_grasp,True,False,False,False,0.6255,0.0,0.0,0.0,0.6255,0.2152,0.0394,0.8171,,,,0.0,0.0127,False,150,19,,,,,0.6737,0.2115,0.3139,0.2736,1.0,0.0695,0.3034,-0.2754,0.3533,50,0.278
ph,750,k1_ph_750,30,14,100014,False,15.28,reach,1,reached_but_no_grasp,True,False,False,False,0.5094,0.0,0.0,0.0,0.5094,0.1895,0.0537,0.7167,,,,0.0,0.0127,False,150,22,,,,,0.9158,0.2545,0.2779,0.2723,1.0,0.061,0.3269,-0.1008,0.4133,59,0.2264
ph,750,k1_ph_750,30,15,100015,False,79.55,lift,3,lifted_but_below_threshold,True,True,True,False,0.7275,0.25,0.4888,0.0,0.7275,0.2123,0.028,0.8683,,,,0.0006,0.0211,False,150,25,62,62,,,0.8893,0.2419,0.2721,0.2834,1.0,0.0771,0.3338,0.0722,0.5467,53,0.4334
ph,750,k1_ph_750,30,16,100016,False,10.88,reach,1,reached_but_no_grasp,True,False,False,False,0.3628,0.0,0.0,0.0,0.3628,0.2127,0.0753,0.6458,,,,0.0,0.0127,False,150,46,,,,,0.8016,0.2816,0.3514,0.2768,1.0,0.0695,0.3284,0.0446,0.54,53,0.1612
ph,750,k1_ph_750,30,17,100017,False,21.74,reach,1,reached_but_no_grasp,True,False,False,False,0.7247,0.0,0.0,0.0,0.7247,0.2207,0.0283,0.872,,,,0.0,0.0179,False,150,21,,,,,0.813,0.2224,0.2735,0.2778,1.0,0.0676,0.3412,-0.1816,0.4067,60,0.3221
ph,750,k1_ph_750,30,18,100018,False,16.56,reach,1,reached_but_no_grasp,True,False,False,False,0.552,0.0,0.0,0.0,0.552,0.2151,0.0482,0.7759,,,,0.0,0.0127,False,150,33,,,,,0.8662,0.2065,0.2384,0.275,1.0,0.0724,0.3356,-0.0687,0.48,66,0.2453
ph,750,k1_ph_750,30,19,100019,False,8.29,none,0,never_reached_cube,False,False,False,False,0.2763,0.0,0.0,0.0,0.2763,0.1893,0.0915,0.5165,,,,0.0,0.0127,False,150,,,,,,0.8475,0.2185,0.2578,0.28,1.0,0.0733,0.3548,0.0071,0.5067,74,0.1228
ph,750,k1_ph_750,30,20,100020,False,22.41,reach,1,reached_but_no_grasp,True,False,False,False,0.7471,0.0,0.0,0.0,0.7471,0.2094,0.0258,0.8766,,,,0.0,0.0155,False,150,39,,,,,0.8705,0.2058,0.2364,0.2839,1.0,0.0676,0.3184,-0.1249,0.4467,57,0.3321
ph,750,k1_ph_750,30,21,100021,False,26.18,reach,1,reached_but_no_grasp,True,False,False,False,0.8728,0.0,0.0,0.0,0.8728,0.199,0.0128,0.9357,,,,0.0,0.0127,False,150,22,,,,,0.9079,0.1551,0.1709,0.2826,1.0,0.08,0.3004,-0.2447,0.3533,49,0.3879
ph,750,k1_ph_750,30,22,100022,True,100.0,success,4,none_success,True,True,True,True,0.7776,0.25,1.0,0.0,1.0,0.2159,0.0226,0.8952,,,,0.0155,0.018,False,110,22,104,104,110,,0.6691,0.1866,0.2788,0.2866,1.0,0.074,0.3083,-0.3496,0.3091,35,1.0
ph,750,k1_ph_750,30,23,100023,False,18.71,reach,1,reached_but_no_grasp,True,False,False,False,0.6238,0.0,0.0,0.0,0.6238,0.2055,0.0396,0.8075,,,,0.0,0.0222,False,150,16,,,,,0.835,0.2073,0.2483,0.2749,1.0,0.0686,0.3384,-0.1094,0.4533,71,0.2772
ph,750,k1_ph_750,30,24,100024,False,18.99,reach,1,reached_but_no_grasp,True,False,False,False,0.633,0.0,0.0,0.0,0.633,0.2258,0.0385,0.8295,,,,0.0,0.0211,False,150,22,,,,,0.8569,0.1963,0.2291,0.2815,1.0,0.0676,0.3504,-0.0697,0.4733,70,0.2813
ph,750,k1_ph_750,30,25,100025,False,20.89,reach,1,reached_but_no_grasp,True,False,False,False,0.6962,0.0,0.0,0.0,0.6962,0.2069,0.0314,0.8484,,,,0.0,0.0127,False,150,25,,,,,0.7967,0.1905,0.2391,0.2838,1.0,0.0762,0.3309,-0.2235,0.3867,59,0.3094
ph,750,k1_ph_750,30,26,100026,False,21.24,reach,1,reached_but_no_grasp,True,False,False,False,0.7081,0.0,0.0,0.0,0.7081,0.1984,0.0301,0.8485,,,,0.0,0.0175,False,150,15,,,,,0.8171,0.164,0.2007,0.2776,1.0,0.0638,0.3382,-0.081,0.4333,62,0.3147
ph,750,k1_ph_750,30,27,100027,False,24.53,reach,1,reached_but_no_grasp,True,False,False,False,0.8176,0.0,0.0,0.0,0.8176,0.2147,0.0184,0.9141,,,,0.0,0.0265,False,150,29,,,,,0.9012,0.2061,0.2287,0.2904,1.0,0.0724,0.3441,-0.133,0.42,63,0.3634
ph,750,k1_ph_750,30,28,100028,False,84.13,lift,3,lifted_but_below_threshold,True,True,True,False,0.7809,0.25,0.6032,0.0,0.7809,0.2292,0.0223,0.9028,,,,0.0,0.0306,False,150,27,83,83,,,0.8117,0.2109,0.2598,0.2805,1.0,0.0695,0.333,-0.1298,0.4333,56,0.4543
ph,750,k1_ph_750,30,29,100029,False,21.78,reach,1,reached_but_no_grasp,True,False,False,False,0.7259,0.0,0.0,0.0,0.7259,0.2004,0.0281,0.8597,,,,0.0,0.0127,False,150,19,,,,,0.8355,0.1631,0.1952,0.2749,1.0,0.059,0.3633,-0.0544,0.5,68,0.3226
random,0,k1_random,30,0,100000,False,1.03,none,0,never_reached_cube,False,False,False,False,0.0345,0.0,0.0,0.0,0.0345,0.203,0.2022,0.004,,,,0.0,0.0127,False,150,,,,,,1.9013,0.3047,0.1602,0.4914,0.9981,0.0067,0.6541,0.0591,0.5667,80,0.0153
random,0,k1_random,30,1,100001,False,16.2,reach,1,reached_but_no_grasp,True,False,False,False,0.5399,0.0,0.0,0.0,0.5399,0.1951,0.0497,0.745,,,,0.0,0.0287,False,150,97,,,,,2.1099,0.2287,0.1084,0.5063,0.9987,0.0105,0.6916,0.0694,0.56,79,0.24
random,0,k1_random,30,2,100002,False,5.12,none,0,never_reached_cube,False,False,False,False,0.1707,0.0,0.0,0.0,0.1707,0.198,0.1186,0.401,,,,0.0,0.0161,False,150,,,,,,2.1348,0.1975,0.0925,0.4976,0.9993,0.0095,0.6415,-0.0607,0.4533,78,0.0759
random,0,k1_random,30,3,100003,False,0.64,none,0,never_reached_cube,False,False,False,False,0.0213,0.0,0.0,0.0,0.0213,0.2195,0.2265,0.0,,,,0.0,0.0127,False,150,,,,,,1.799,0.4015,0.2232,0.4983,0.9991,0.0076,0.6643,0.0752,0.56,76,0.0095
random,0,k1_random,30,4,100004,False,14.43,reach,1,reached_but_no_grasp,True,False,False,False,0.4809,0.0,0.0,0.0,0.4809,0.2024,0.0575,0.7159,,,,0.0,0.0127,False,150,112,,,,,1.9733,0.1356,0.0687,0.4976,1.0,0.0086,0.6664,-0.0109,0.5267,76,0.2137
random,0,k1_random,30,5,100005,False,5.98,none,0,never_reached_cube,False,False,False,False,0.1993,0.0,0.0,0.0,0.1993,0.2096,0.1101,0.4749,,,,0.0,0.0127,False,150,,,,,,2.3696,0.2538,0.1071,0.505,0.9991,0.0114,0.6691,0.0084,0.52,77,0.0886
random,0,k1_random,30,6,100006,False,1.79,none,0,never_reached_cube,False,False,False,False,0.0596,0.0,0.0,0.0,0.0596,0.194,0.1742,0.102,,,,0.0,0.0127,False,150,,,,,,2.1521,0.3228,0.15,0.5065,0.9996,0.019,0.6751,0.0298,0.5067,74,0.0265
random,0,k1_random,30,7,100007,False,0.83,none,0,never_reached_cube,False,False,False,False,0.0278,0.0,0.0,0.0,0.0278,0.2082,0.2131,0.0,,,,0.0,0.0127,False,150,,,,,,1.8006,0.2328,0.1293,0.494,0.9998,0.0105,0.6414,0.0361,0.5333,73,0.0123
random,0,k1_random,30,8,100008,False,2.89,none,0,never_reached_cube,False,False,False,False,0.0963,0.0,0.0,0.0,0.0963,0.217,0.1492,0.3126,,,,0.0,0.0127,False,150,,,,,,1.8198,0.2281,0.1253,0.5058,0.9998,0.0133,0.6774,0.0773,0.58,71,0.0428
random,0,k1_random,30,9,100009,False,0.72,none,0,never_reached_cube,False,False,False,False,0.0242,0.0,0.0,0.0,0.0242,0.2226,0.2202,0.0107,,,,0.0,0.0127,False,150,,,,,,2.0629,0.4403,0.2134,0.5094,0.9992,0.0086,0.6799,-0.0434,0.4867,86,0.0107
random,0,k1_random,30,10,100010,False,1.65,none,0,never_reached_cube,False,False,False,False,0.0549,0.0,0.0,0.0,0.0549,0.1916,0.1784,0.069,,,,0.0,0.0127,False,150,,,,,,1.8441,0.3177,0.1723,0.5039,0.999,0.0086,0.677,0.0159,0.5133,72,0.0244
random,0,k1_random,30,11,100011,False,0.56,none,0,never_reached_cube,False,False,False,False,0.0187,0.0,0.0,0.0,0.0187,0.2243,0.2331,0.0,,,,0.0,0.0127,False,150,,,,,,1.8058,0.1658,0.0918,0.5012,0.9994,0.0086,0.6627,0.0458,0.5467,78,0.0083
random,0,k1_random,30,12,100012,False,0.91,none,0,never_reached_cube,False,False,False,False,0.0303,0.0,0.0,0.0,0.0303,0.2013,0.2087,0.0,,,,0.0,0.0127,False,150,,,,,,1.926,0.1462,0.0759,0.5072,0.999,0.0086,0.6699,0.0753,0.5667,73,0.0135
random,0,k1_random,30,13,100013,False,3.69,none,0,never_reached_cube,False,False,False,False,0.123,0.0,0.0,0.0,0.123,0.2152,0.1363,0.3668,,,,0.0,0.0127,False,150,,,,,,1.9697,0.0729,0.037,0.4987,0.9996,0.0143,0.6443,-0.0172,0.5133,80,0.0546
random,0,k1_random,30,14,100014,False,8.53,none,0,never_reached_cube,False,False,False,False,0.2843,0.0,0.0,0.0,0.2843,0.1895,0.0899,0.5257,,,,0.0,0.0127,False,150,,,,,,2.0691,0.2215,0.107,0.4908,0.9995,0.0067,0.6625,-0.0512,0.4533,79,0.1263
random,0,k1_random,30,15,100015,False,0.64,none,0,never_reached_cube,False,False,False,False,0.0213,0.0,0.0,0.0,0.0213,0.2123,0.2265,0.0,,,,0.0,0.0127,False,150,,,,,,1.8109,0.1988,0.1098,0.4959,0.9977,0.0105,0.6659,0.0946,0.5467,63,0.0095
random,0,k1_random,30,16,100016,False,14.28,reach,1,reached_but_no_grasp,True,False,False,False,0.4758,0.0,0.0,0.0,0.4758,0.2127,0.0582,0.7264,,,,0.001,0.0673,False,150,89,,,,,2.3302,0.1837,0.0788,0.5235,0.9984,0.0086,0.6659,-0.0724,0.44,80,0.2115
random,0,k1_random,30,17,100017,False,18.44,reach,1,reached_but_no_grasp,True,False,False,False,0.6147,0.0,0.0,0.0,0.6147,0.2207,0.0406,0.8159,,,,0.0,0.0226,False,150,133,,,,,2.3336,0.2128,0.0912,0.4984,0.999,0.0086,0.6616,0.0715,0.5333,75,0.2732
random,0,k1_random,30,18,100018,False,1.02,none,0,never_reached_cube,False,False,False,False,0.0341,0.0,0.0,0.0,0.0341,0.2151,0.2028,0.0575,,,,0.0,0.0127,False,150,,,,,,1.7424,0.1743,0.1,0.4975,0.9992,0.0076,0.6583,0.0182,0.5067,81,0.0151
random,0,k1_random,30,19,100019,False,2.39,none,0,never_reached_cube,False,False,False,False,0.0795,0.0,0.0,0.0,0.0795,0.1893,0.1592,0.159,,,,0.0,0.0127,False,150,,,,,,2.1383,0.2242,0.1048,0.5018,0.9994,0.0048,0.6698,0.0219,0.54,70,0.0353
random,0,k1_random,30,20,100020,False,13.68,reach,1,reached_but_no_grasp,True,False,False,False,0.4558,0.0,0.0,0.0,0.4558,0.2094,0.061,0.7087,,,,0.0,0.0173,False,150,113,,,,,2.2799,0.2717,0.1192,0.5006,0.9999,0.0067,0.6505,0.0051,0.5133,71,0.2026
random,0,k1_random,30,21,100021,False,2.89,none,0,never_reached_cube,False,False,False,False,0.0962,0.0,0.0,0.0,0.0962,0.199,0.1493,0.2499,,,,0.0,0.0127,False,150,,,,,,1.9302,0.2684,0.139,0.4842,0.9998,0.0095,0.6454,-0.0447,0.4533,69,0.0427
random,0,k1_random,30,22,100022,False,0.59,none,0,never_reached_cube,False,False,False,False,0.0195,0.0,0.0,0.0,0.0195,0.2159,0.231,0.0,,,,0.0,0.0127,False,150,,,,,,1.9051,0.3069,0.1611,0.5074,0.9996,0.0105,0.6525,0.106,0.56,77,0.0087
random,0,k1_random,30,23,100023,False,0.82,none,0,never_reached_cube,False,False,False,False,0.0273,0.0,0.0,0.0,0.0273,0.2055,0.214,0.0,,,,0.0,0.0127,False,150,,,,,,1.9508,0.2842,0.1457,0.5062,0.9986,0.0067,0.6625,-0.0295,0.46,76,0.0121
random,0,k1_random,30,24,100024,False,1.62,none,0,never_reached_cube,False,False,False,False,0.0538,0.0,0.0,0.0,0.0538,0.2258,0.1794,0.2056,,,,0.0,0.0127,False,150,,,,,,2.0094,0.093,0.0463,0.4971,0.9997,0.0105,0.6392,-0.0357,0.4667,72,0.0239
random,0,k1_random,30,25,100025,False,1.55,none,0,never_reached_cube,False,False,False,False,0.0515,0.0,0.0,0.0,0.0515,0.2069,0.1816,0.1222,,,,0.0,0.0127,False,150,,,,,,2.107,0.2142,0.1017,0.5065,0.9998,0.0086,0.6806,-0.0377,0.4533,75,0.0229
random,0,k1_random,30,26,100026,False,9.8,reach,1,reached_but_no_grasp,True,False,False,False,0.3268,0.0,0.0,0.0,0.3268,0.1984,0.0817,0.5884,,,,0.0,0.0127,False,150,71,,,,,2.2968,0.2647,0.1152,0.5034,0.998,0.0067,0.6698,0.0087,0.5133,80,0.1452
random,0,k1_random,30,27,100027,False,0.95,none,0,never_reached_cube,False,False,False,False,0.0316,0.0,0.0,0.0,0.0316,0.2147,0.2065,0.0383,,,,0.0,0.0127,False,150,,,,,,2.2342,0.3309,0.1481,0.4865,0.9996,0.0067,0.6386,-0.0035,0.48,81,0.0141
random,0,k1_random,30,28,100028,False,0.45,none,0,never_reached_cube,False,False,False,False,0.0149,0.0,0.0,0.0,0.0149,0.2292,0.2445,0.0,,,,0.0,0.0127,False,150,,,,,,2.1135,0.5066,0.2397,0.4968,0.9999,0.0105,0.6512,-0.0284,0.5,77,0.0066
random,0,k1_random,30,29,100029,False,2.99,none,0,never_reached_cube,False,False,False,False,0.0997,0.0,0.0,0.0,0.0997,0.2004,0.1474,0.2648,,,,0.0,0.0127,False,150,,,,,,2.2861,0.1787,0.0782,0.4976,0.9998,0.0095,0.6608,0.1112,0.5733,80,0.0443
